Date,Home Team,Home Score,Away Team,Away Score
2015-08-20,Green Ridge,0,Osceola,2
2015-08-21,Meadow Heights,0,Advance,2
2015-08-21,Chamois,1,Belle,2
2015-08-21,Sarcoxie,2,Bunceton,0
2015-08-21,Valley,2,Bunker,0
2015-08-21,Hillcrest,0,Central (Springfield),2
2015-08-21,Hancock,2,Cleveland NJROTC,0
2015-08-21,Oakville,0,Francis Howell,2
2015-08-21,Ft. Zumwalt South,2,Hazelwood West,1
2015-08-21,Portageville,2,Holcomb,1
2015-08-21,Riverview Gardens,0,Jennings,2
2015-08-21,MICDS,0,Lutheran South,2
2015-08-21,Webster Groves,2,McCluer North,0
2015-08-21,Parkway South,1,Parkway Central,2
2015-08-21,Cor Jesu Academy,2,Parkway West,0
2015-08-21,Ladue Horton Watkins,0,Pattonville,2
2015-08-21,Liberty (Wentzville),2,Ritenour,1
2015-08-21,Jefferson City,0,St. Joseph's Academy,2
2015-08-21,Marquette,2,Washington,1
2015-08-21,Glendale,2,Waynesville,0
2015-08-22,St. Pius X (Festus),2,Affton,0
2015-08-22,Mehlville,2,Affton,0
2015-08-22,Pacific,2,Affton,0
2015-08-22,Hazelwood Central,1,Affton,2
2015-08-22,Jefferson (Festus),2,Clayton,0
2015-08-22,Windsor (Imperial),2,Clayton,0
2015-08-22,Hazelwood Central,1,Clayton,1
2015-08-22,Jefferson (Festus),2,Hazelwood Central,0
2015-08-22,Windsor (Imperial),2,Hazelwood Central,0
2015-08-22,Poplar Bluff,0,Kickapoo,2
2015-08-22,St. Pius X (Festus),2,Mehlville,0
2015-08-22,Jefferson (Festus),1,Mehlville,2
2015-08-22,Pacific,0,Mehlville,2
2015-08-22,St. Pius X (Festus),2,Pacific,0
2015-08-22,St. Pius X (Festus),2,Windsor (Imperial),0
2015-08-22,Jefferson (Festus),1,Windsor (Imperial),1
2015-08-24,Oak Ridge,0,Advance,2
2015-08-24,Zalma,0,Bell City,2
2015-08-24,Meadow Heights,1,Bell City,1
2015-08-24,Oak Ridge,0,Bell City,2
2015-08-24,Pierce City,1,Billings,2
2015-08-24,Camdenton,2,Bolivar,0
2015-08-24,Winfield,2,Bowling Green,0
2015-08-24,Trenton,0,Cameron,2
2015-08-24,Monett,0,Carthage,2
2015-08-24,Southland,0,Caruthersville,2
2015-08-24,Cooter,1,Charleston,2
2015-08-24,Senath-Hornersville,1,Clarkton,2
2015-08-24,Mountain Grove,2,Conway,0
2015-08-24,Linn,2,Cuba,1
2015-08-24,Tipton,0,Eldon,2
2015-08-24,Golden City,2,Exeter,0
2015-08-24,Hickman,0,Fatima,2
2015-08-24,Ste. Genevieve,2,Festus,0
2015-08-24,Niangua,0,Fordland,2
2015-08-24,Affton,0,Fox,2
2015-08-24,Brookfield,0,Hallsville,2
2015-08-24,North County,2,Herculaneum,0
2015-08-24,Montgomery County,0,Hermann,2
2015-08-24,Central (New Madrid County),2,Holcomb,1
2015-08-24,Francis Howell Central,2,Holt,0
2015-08-24,Oran,1,Kennett,2
2015-08-24,Branson,0,Lebanon,2
2015-08-24,Park Hill,0,Lee's Summit,2
2015-08-24,Raytown,0,Lee's Summit West,2
2015-08-24,Wellington-Napoleon,2,Lexington,0
2015-08-24,Brentwood,0,Maplewood-Richmond Hts.,2
2015-08-24,Zalma,0,Meadow Heights,2
2015-08-24,Oak Ridge,0,Meadow Heights,2
2015-08-24,Lutheran North,2,Metro,0
2015-08-24,Southern Boone,2,Mexico,0
2015-08-24,Sarcoxie,2,North Callaway,0
2015-08-24,O'Hara,0,Oak Grove,2
2015-08-24,Zalma,2,Oak Ridge,0
2015-08-24,Center,0,Odessa,2
2015-08-24,Dixon,0,Osage,2
2015-08-24,Bunceton,0,Otterville,2
2015-08-24,Kirkwood,2,Parkway Central,0
2015-08-24,Campbell,0,Portageville,2
2015-08-24,Hillsboro,2,Potosi,0
2015-08-24,Bernie,2,Richland (Essex),0
2015-08-24,Fairfax,0,Rock Port,2
2015-08-24,Parkway West,2,Rockwood Summit,0
2015-08-24,Central (Cape Girardeau),0,Sikeston,2
2015-08-24,Gideon,2,Summersville,0
2015-08-24,Ava,2,Union,0
2015-08-24,Timberland,2,St. Charles West,0
2015-08-24,Central (St. Joseph),0,Staley,2
2015-08-24,St. James,1,Warsaw,2
2015-08-24,Cabool,0,Winona,2
2015-08-24,Bronaugh,2,Thomas Jefferson Independent Day,1
2015-08-24,Risco,1,St. Clair,2
2015-08-24,Lesterville,2,Valley,0
2015-08-24,Chadwick,0,Verona,2
2015-08-24,Clinton,2,Warsaw,0
2015-08-24,Northwest (Cedar Hill),0,Webster Groves,2
2015-08-24,Skyline,2,Windsor,0
2015-08-25,Leopold,0,Advance,2
2015-08-25,Saxony Lutheran,1,Advance,1
2015-08-25,Woodland,1,Advance,1
2015-08-25,Ballard,0,Archie,2
2015-08-25,Miller,0,Ash Grove,2
2015-08-25,Neosho,0,Aurora,2
2015-08-25,Maplewood-Richmond Hts.,1,Bayless,1
2015-08-25,Jennings,0,Bayless,2
2015-08-25,Crossroads College Preparatory,1,Bayless,1
2015-08-25,William Chrisman,0,Belton,2
2015-08-25,Mid-Buchanan,0,Bishop LeBlond,2
2015-08-25,Linn,0,Blair Oaks,2
2015-08-25,Greenville,2,Bloomfield,0
2015-08-25,Cassville,2,Blue Eye,0
2015-08-25,St. Teresa's Academy,2,Blue Springs South,0
2015-08-25,Warrenton,2,Bowling Green,0
2015-08-25,Wright City,1,Bunker,2
2015-08-25,Belle,0,Calvary Lutheran,2
2015-08-25,St. Joseph's Academy,2,Cardinal Ritter,0
2015-08-25,Joplin,0,Carl Junction,2
2015-08-25,Gideon,2,Central (New Madrid County),1
2015-08-25,Arcadia Valley,2,Central (Park Hills),0
2015-08-25,Fulton,2,Centralia,0
2015-08-25,Caruthersville,2,Charleston,1
2015-08-25,Cooter,0,Clarkton,2
2015-08-25,Versailles,2,Clinton,0
2015-08-25,Lindbergh,0,Cor Jesu Academy,2
2015-08-25,Pierce City,0,Crane,2
2015-08-25,Smithton,0,Crest Ridge,2
2015-08-25,Ste. Genevieve,2,Crystal City,0
2015-08-25,Bismarck,2,DeSoto,0
2015-08-25,Kennett,0,Dexter,2
2015-08-25,Monett,0,Diamond,2
2015-08-25,Lutheran (Kansas City),2,Drexel,0
2015-08-25,St. Pius X (Festus),2,Duchesne,0
2015-08-25,Purdy,0,East Newton,2
2015-08-25,Butler,1,El Dorado Springs,2
2015-08-25,Camdenton,0,Eldon,2
2015-08-25,West County,2,Ellington,0
2015-08-25,Clearwater,0,Eminence,2
2015-08-25,Lockwood,2,Everton,0
2015-08-25,Richmond,0,Excelsior Springs,2
2015-08-25,Richland (Essex),2,Fairfax,0
2015-08-25,St. Joseph Christian,0,Fairfax,2
2015-08-25,Sacred Heart,0,Father Tolton,2
2015-08-25,Chamois,0,Fatima,2
2015-08-25,Cabool,0,Fordland,2
2015-08-25,St. Charles,2,Fort Osage,0
2015-08-25,Pattonville,0,Francis Howell North,2
2015-08-25,Herculaneum,2,Fredericktown,1
2015-08-25,St. Charles,0,Ft. Zumwalt North,2
2015-08-25,Bradleyville,1,Galena,2
2015-08-25,Ozark,0,Glendale,2
2015-08-25,Benton,0,Grain Valley,2
2015-08-25,Ruskin,0,Grandview,2
2015-08-25,Valley Park,0,Hancock,2
2015-08-25,Principia,2,Hancock,0
2015-08-25,Hannibal,0,Hickman,2
2015-08-25,Cole Camp,1,Holden,2
2015-08-25,Ft. Zumwalt West,2,Holt,0
2015-08-25,Licking,0,Houston,2
2015-08-25,Verona,0,Hurley,2
2015-08-25,St. Vincent,0,Jackson,2
2015-08-25,McDonald County,2,Jasper,0
2015-08-25,Rock Bridge,0,Jefferson City,2
2015-08-25,Maplewood-Richmond Hts.,2,Jennings,0
2015-08-25,Crossroads College Preparatory,2,Jennings,0
2015-08-25,Hazelwood Central,2,John Burroughs,1
2015-08-25,Whitfield,2,John F. Kennedy,0
2015-08-25,Staley,2,Kearney,0
2015-08-25,Viburnum,1,Kingston,2
2015-08-25,Windsor,2,Kingsville,0
2015-08-25,Lathrop,0,Lafayette (St. Joseph),2
2015-08-25,St. Joseph's Academy,2,Lafayette (Wildwood),1
2015-08-25,Oak Grove,2,Lafayette County,0
2015-08-25,Northeast Vernon County,0,Lakeland,2
2015-08-25,Trenton,0,Lawson,2
2015-08-25,Park Hill South,1,Lee's Summit North,2
2015-08-25,Woodland,2,Leopold,0
2015-08-25,Saxony Lutheran,2,Leopold,0
2015-08-25,Concordia,2,Lexington,0
2015-08-25,Bronaugh,0,Liberal,2
2015-08-25,Kickapoo,2,Logan-Rogersville,1
2015-08-25,Notre Dame (St. Louis),0,Lutheran St. Charles,2
2015-08-25,Hayti,0,Malden,2
2015-08-25,Crossroads College Preparatory,2,Maplewood-Richmond Hts.,0
2015-08-25,Clever,1,Marionville,2
2015-08-25,Kirksville,0,Marshall,2
2015-08-25,Lebanon,2,Marshfield,1
2015-08-25,East Buchanan,1,Maryville,2
2015-08-25,Hancock,1,Metro,1
2015-08-25,Valley Park,1,Metro,1
2015-08-25,Principia,1,Metro,1
2015-08-25,Bishop DuBourg,2,MICDS,0
2015-08-25,Lone Jack,0,Midway,2
2015-08-25,Reeds Spring,1,Mt. Vernon,2
2015-08-25,Cuba,0,New Haven,2
2015-08-25,Exeter,0,New Heights Christian,2
2015-08-25,School of the Ozarks,2,Niangua,0
2015-08-25,Summersville,0,North Pemiscot,2
2015-08-25,Lincoln College Prep,2,Northeast (Kansas City),0
2015-08-25,Liberty,0,Oak Park,2
2015-08-25,Fox,2,Oakville,0
2015-08-25,Warrensburg,1,Odessa,2
2015-08-25,Liberty (Wentzville),0,Orchard Farm,2
2015-08-25,Bourbon,0,Owensville,2
2015-08-25,Farmington,2,Pacific,0
2015-08-25,Central (Springfield),2,Parkview,0
2015-08-25,Ft. Zumwalt East,0,Parkway North,2
2015-08-25,Incarnate Word Academy,2,Parkway South,1
2015-08-25,Valle Catholic,1,Perryville,2
2015-08-25,Summit Christian Academy,0,Pleasant Hill,2
2015-08-25,Puxico,0,Poplar Bluff,2
2015-08-25,Senath-Hornersville,1,Portageville,2
2015-08-25,Raytown,2,Raytown South,0
2015-08-25,Miami (Amoret),0,Rich Hill,2
2015-08-25,Delta (Deering),0,Risco,2
2015-08-25,McCluer North,0,Ritenour,2
2015-08-25,Westminster Christian Academy,2,Springfield Catholic,1
2015-08-25,Carrollton,0,Santa Fe,2
2015-08-25,West Platte,0,Savannah,2
2015-08-25,Grandview (Hillsboro),2,Seneca,0
2015-08-25,Jefferson (Festus),2,Seckman,0
2015-08-25,Bernie,2,Sikeston,0
2015-08-25,St. Pius X (Kansas City),2,Sparta,1
2015-08-25,North Platte,2,St. James,0
2015-08-25,North Callaway,0,Southern Boone,2
2015-08-25,Forsyth,2,Union,0
2015-08-25,Ava,0,Springfield Catholic,2
2015-08-25,Salem,0,St. James,2
2015-08-25,Knob Noster,0,St. Paul Lutheran (Concordia),2
2015-08-25,South Iron,2,St. Paul Lutheran (Farmington),0
2015-08-25,Osage,1,Willard,2
2015-08-25,Spokane,0,Winona,2
2015-08-25,Greenfield,2,Thomas Jefferson Independent Day,0
2015-08-25,Richland (Essex),0,St. Clair,2
2015-08-25,Potosi,0,Tarkio,2
2015-08-25,Center,2,University Academy Charter,0
2015-08-25,Principia,2,Valley Park,0
2015-08-25,Osceola,2,Warsaw,0
2015-08-25,Francis Howell Central,0,Washington,2
2015-08-25,Helias Catholic,2,Waynesville,0
2015-08-25,Buffalo,0,Willard,2
2015-08-25,Hillcrest,2,Willow Springs,0
2015-08-25,Ft. Zumwalt South,0,Winfield,2
2015-08-25,North Kansas City,2,Winnetonka,0
2015-08-25,West Plains,0,Winona,2
2015-08-25,Saxony Lutheran,1,Woodland,1
2015-08-26,Ladue Horton Watkins,2,Affton,0
2015-08-26,Veritas Christian Academy,2,Barat Academy,0
2015-08-26,Metro,2,Bayless,0
2015-08-26,Jennings,0,Bayless,2
2015-08-26,Valley Park,0,Hancock,2
2015-08-26,Troy Buchanan,0,Hannibal,2
2015-08-26,Pattonville,2,Hazelwood Central,1
2015-08-26,Parkway Central,2,Hazelwood West,0
2015-08-26,Whitfield,1,Incarnate Word Academy,2
2015-08-26,Principia,2,Jennings,0
2015-08-26,Excelsior Springs,2,Lathrop,0
2015-08-26,Ursuline Academy,2,Lindbergh,1
2015-08-26,Hancock,1,Maplewood-Richmond Hts.,2
2015-08-26,Kirkwood,1,Marquette,2
2015-08-26,Riverview Gardens,1,McCluer South-Berkeley,2
2015-08-26,Visitation Academy,1,Nerinx Hall,2
2015-08-26,Parkway North,0,Northwest (Cedar Hill),2
2015-08-26,Barstow,0,Notre Dame de Sion,2
2015-08-26,Villa Duchesne,2,Oakville,0
2015-08-26,Lee's Summit,2,Park Hill South,0
2015-08-26,Lafayette (Wildwood),2,Parkway West,0
2015-08-26,Park Hill,2,Platte County,0
2015-08-26,Liberty (Wentzville),2,Ritenour,1
2015-08-26,Eureka,2,Rockwood Summit,0
2015-08-26,Winfield,2,St. Charles,0
2015-08-26,Timberland,2,St. Charles West,0
2015-08-26,Lutheran South,0,St. Pius X (Festus),2
2015-08-26,Lee's Summit North,2,Staley,1
2015-08-26,Crossroads College Preparatory,2,Valley Park,0
2015-08-26,Montgomery County,0,Warrenton,2
2015-08-26,Mehlville,1,Webster Groves,1
2015-08-27,Oak Ridge,0,Advance,2
2015-08-27,Greenfield,1,Ash Grove,2
2015-08-27,Spokane,0,Ava,2
2015-08-27,Holden,1,Barstow,2
2015-08-27,Tarkio,0,Battle,2
2015-08-27,Hancock,2,Bayless,0
2015-08-27,Leopold,0,Bell City,2
2015-08-27,New Haven,2,Belle,0
2015-08-27,Raymore-Peculiar,2,Belton,0
2015-08-27,Nodaway-Holt,0,Benton,2
2015-08-27,Rock Port,0,Benton,2
2015-08-27,Diamond,0,Billings,2
2015-08-27,North Platte,0,Bishop LeBlond,2
2015-08-27,Crystal City,0,Bismarck,2
2015-08-27,Osage,0,Blair Oaks,2
2015-08-27,Oak Park,1,Blue Springs,2
2015-08-27,Wright City,2,Bowling Green,0
2015-08-27,School of the Ozarks,2,Bradleyville,0
2015-08-27,Centralia,2,Brookfield,0
2015-08-27,Branson,0,Buffalo,2
2015-08-27,Hallsville,2,Bunceton,0
2015-08-27,Midway,2,Butler,0
2015-08-27,Boonville,2,California,0
2015-08-27,Lawson,2,Cameron,0
2015-08-27,Republic,1,Carl Junction,2
2015-08-27,El Dorado Springs,0,Carthage,2
2015-08-27,Perryville,2,Central (Cape Girardeau),0
2015-08-27,Hayti,0,Central (New Madrid County),2
2015-08-27,Liberty North,2,Central (St. Joseph),1
2015-08-27,Kennett,2,Charleston,0
2015-08-27,Trenton,0,Chillicothe,2
2015-08-27,Ritenour,1,Clayton,2
2015-08-27,Fair Grove,2,Clever,0
2015-08-27,Bolivar,2,Clinton,1
2015-08-27,Campbell,0,Cooter,2
2015-08-27,Fordland,0,Crane,2
2015-08-27,Principia,2,Crossroads College Preparatory,0
2015-08-27,Jackson,0,Dexter,2
2015-08-27,Warsaw,0,Eldon,2
2015-08-27,Clearwater,2,Ellington,1
2015-08-27,Father Tolton,2,Eugene,0
2015-08-27,Pleasant Hope,2,Everton,0
2015-08-27,Notre Dame (Cape Girardeau),2,Farmington,1
2015-08-27,Festus,0,Fox,2
2015-08-27,Troy Buchanan,0,Francis Howell Central,2
2015-08-27,Ft. Zumwalt West,2,Francis Howell North,1
2015-08-27,South Iron,0,Fredericktown,2
2015-08-27,Washington,2,Ft. Zumwalt South,0
2015-08-27,Marshall,0,Fulton,2
2015-08-27,Richland (Essex),0,Gideon,2
2015-08-27,Hillsboro,2,Grandview (Hillsboro),0
2015-08-27,Lakeland,0,Green Ridge,2
2015-08-27,Nevada,2,Harrisonville,0
2015-08-27,Fatima,1,Helias Catholic,2
2015-08-27,Jefferson City,0,Hermann,2
2015-08-27,Rolla,1,Hickman,2
2015-08-27,Mt. Vernon,2,Hollister,0
2015-08-27,Ft. Zumwalt East,2,Holt,0
2015-08-27,Cuba,1,Houston,2
2015-08-27,Lutheran North,0,John Burroughs,2
2015-08-27,Lutheran St. Charles,2,John F. Kennedy,0
2015-08-27,Neosho,0,Joplin,2
2015-08-27,Liberty,2,Kearney,1
2015-08-27,Bourbon,0,Kingston,2
2015-08-27,Mexico,2,Kirksville,0
2015-08-27,Arcadia Valley,1,Lesterville,2
2015-08-27,Willow Springs,0,Liberty (Mountain View),2
2015-08-27,Winona,2,Licking,0
2015-08-27,Owensville,2,Linn,0
2015-08-27,Versailles,0,Lone Jack,2
2015-08-27,Rich Hill,0,Lutheran (Kansas City),2
2015-08-27,Summersville,0,Malden,2
2015-08-27,Crossroads College Preparatory,2,Maplewood-Richmond Hts.,1
2015-08-27,Metro,0,Maplewood-Richmond Hts.,2
2015-08-27,Jasper,1,McAuley Catholic,0
2015-08-27,Saxony Lutheran,2,Meadow Heights,0
2015-08-27,Principia,2,Metro,0
2015-08-27,Central (Kansas City),0,Metro,2
2015-08-27,Chilhowee,2,Miami (Amoret),0
2015-08-27,Central (Springfield),2,Monett,0
2015-08-27,North Callaway,0,Montgomery County,2
2015-08-27,Logan-Rogersville,2,Mountain Grove,0
2015-08-27,Parkway South,0,Nerinx Hall,2
2015-08-27,Lockwood,0,New Heights Christian,2
2015-08-27,Glendale,0,Nixa,2
2015-08-27,Rock Port,2,Nodaway-Holt,0
2015-08-27,Lift for Life Academy Charter,0,Normandy Collaborative,2
2015-08-27,DeSoto,0,North County,2
2015-08-27,Ruskin,0,North Kansas City,2
2015-08-27,St. Joseph's Academy,2,Notre Dame (St. Louis),0
2015-08-27,Richmond,0,Oak Grove,2
2015-08-27,Seckman,2,Pacific,0
2015-08-27,Marquette,2,Parkway Central,1
2015-08-27,St. Pius X (Kansas City),2,Pembroke Hill,0
2015-08-27,Plattsburg,2,Penney,0
2015-08-27,St. Clair,2,Potosi,1
2015-08-27,Blue Eye,0,Purdy,2
2015-08-27,Fort Osage,2,Raytown South,0
2015-08-27,Seneca,1,Reeds Spring,2
2015-08-27,Clarkton,1,Risco,2
2015-08-27,Crest Ridge,1,Sacred Heart,2
2015-08-27,Bunker,2,Salem,0
2015-08-27,Pierce City,0,Sarcoxie,2
2015-08-27,Knob Noster,1,Sherwood,2
2015-08-27,Lincoln,0,Skyline,2
2015-08-27,Odessa,1,Savannah,2
2015-08-27,Concordia,2,Smithton,0
2015-08-27,Center,0,Sparta,2
2015-08-27,Holcomb,2,Southland,0
2015-08-27,Aurora,1,Springfield Catholic,2
2015-08-27,Winfield,2,St. Charles,0
2015-08-27,Warrenton,2,St. Charles West,0
2015-08-27,Lafayette County,1,St. Paul Lutheran (Concordia),2
2015-08-27,Windsor (Imperial),0,St. Vincent,2
2015-08-27,Lamar,2,Stockton,1
2015-08-27,Forsyth,0,Winona,2
2015-08-27,Thayer,0,Wright City,2
2015-08-27,Miller,2,Thomas Jefferson Independent Day,0
2015-08-27,Francis Howell,2,Timberland,0
2015-08-27,Cardinal Ritter,0,Trinity Catholic,2
2015-08-27,Raytown,0,St. Charles,2
2015-08-27,Summit Christian Academy,2,University Academy Charter,0
2015-08-27,Central (Park Hills),0,Valle Catholic,2
2015-08-27,St. Paul Lutheran (Farmington),0,Valley,2
2015-08-27,Bishop DuBourg,2,Veritas Christian Academy,0
2015-08-27,Golden City,0,Verona,2
2015-08-27,Tipton,0,Versailles,2
2015-08-27,Eminence,2,Viburnum,0
2015-08-27,Cor Jesu Academy,2,Visitation Academy,0
2015-08-27,Grain Valley,2,Warrensburg,1
2015-08-27,Marshfield,0,Waynesville,2
2015-08-27,Parkview,0,Webb City,2
2015-08-27,Carrollton,0,Wellington-Napoleon,2
2015-08-27,Herculaneum,1,West County,2
2015-08-27,Orrick,0,West Platte,2
2015-08-27,Hillcrest,0,Willard,2
2015-08-27,Grandview,0,William Chrisman,2
2015-08-27,Lee's Summit,2,Winnetonka,0
2015-08-27,Zalma,0,Woodland,2
2015-08-28,Bell City,0,Advance,2
2015-08-28,Woodland,2,Advance,1
2015-08-28,Saxony Lutheran,2,Bell City,0
2015-08-28,Plato,2,Conway,1
2015-08-28,North Pemiscot,0,Cooter,2
2015-08-28,Rockwood Summit,0,Cor Jesu Academy,2
2015-08-28,Chadwick,0,Fordland,2
2015-08-28,Ft. Zumwalt North,2,Hazelwood West,0
2015-08-28,Delta (Deering),0,Holcomb,2
2015-08-28,Niangua,0,Hurley,2
2015-08-28,Penney,0,Lawson,2
2015-08-28,Ladue Horton Watkins,2,McCluer North,0
2015-08-28,Lift for Life Academy Charter,0,Normandy Collaborative,2
2015-08-28,Parkway South,0,Parkway West,2
2015-08-28,Billings,0,School of the Ozarks,2
2015-08-28,Southland,0,Senath-Hornersville,2
2015-08-28,Doniphan,2,South Iron,0
2015-08-28,Duchesne,2,St. Dominic,1
2015-08-28,Nixa,2,St. Joseph's Academy,1
2015-08-28,Dixon,0,Warsaw,2
2015-08-28,Orchard Farm,0,Whitfield,2
2015-08-28,Saxony Lutheran,0,Woodland,2
2015-08-29,Skyline,1,Adrian,1
2015-08-29,St. Paul Lutheran (Concordia),1,Adrian,2
2015-08-29,Boonville,0,Adrian,2
2015-08-29,Holden,2,Adrian,0
2015-08-29,Knob Noster,0,Adrian,2
2015-08-29,Pacific,2,Affton,0
2015-08-29,Winona,0,Aurora,2
2015-08-29,Willard,2,Aurora,0
2015-08-29,St. Joseph's Academy,2,Aurora,0
2015-08-29,Mountain Grove,0,Aurora,2
2015-08-29,Logan-Rogersville,2,Aurora,0
2015-08-29,Forsyth,1,Ava,2
2015-08-29,Willow Springs,2,Ava,0
2015-08-29,Union,1,Ava,1
2015-08-29,Fordland,2,Ava,0
2015-08-29,Rock Port,0,Benton,2
2015-08-29,St. Joseph Christian,0,Benton,2
2015-08-29,Richland (Essex),1,Benton,2
2015-08-29,Fordland,2,Blue Eye,0
2015-08-29,Conway,1,Blue Eye,1
2015-08-29,Skyline,1,Boonville,1
2015-08-29,Holden,1,Boonville,1
2015-08-29,Lexington,0,Boonville,2
2015-08-29,Winona,1,Buffalo,1
2015-08-29,Willard,2,Buffalo,0
2015-08-29,Aurora,1,Buffalo,1
2015-08-29,Mountain Grove,0,Buffalo,2
2015-08-29,Green Ridge,1,Buffalo,2
2015-08-29,Winona,1,Carthage,2
2015-08-29,Seneca,1,Carthage,1
2015-08-29,Fair Grove,0,Carthage,2
2015-08-29,Pattonville,0,Carthage,2
2015-08-29,Mt. Vernon,2,Carthage,1
2015-08-29,Lone Jack,1,Center,1
2015-08-29,Trenton,0,Center,2
2015-08-29,Ruskin,0,Center,2
2015-08-29,Pacific,2,Clayton,0
2015-08-29,Houston,1,Clinton,1
2015-08-29,Hollister,2,Clinton,0
2015-08-29,Branson,2,Clinton,0
2015-08-29,Lamar,2,Clinton,0
2015-08-29,Fordland,2,Conway,0
2015-08-29,Mid-Buchanan,1,East Buchanan,1
2015-08-29,Lawson,1,East Buchanan,1
2015-08-29,Lathrop,0,East Buchanan,2
2015-08-29,West Platte,2,East Buchanan,0
2015-08-29,Mt. Vernon,2,El Dorado Springs,0
2015-08-29,Lebanon,2,El Dorado Springs,0
2015-08-29,Southwest (Washburn),2,Everton,0
2015-08-29,Miller,2,Everton,0
2015-08-29,Sarcoxie,2,Everton,0
2015-08-29,Verona,2,Exeter,0
2015-08-29,Willow Springs,2,Fordland,0
2015-08-29,Conway,0,Forsyth,2
2015-08-29,Blue Eye,0,Forsyth,2
2015-08-29,Fordland,2,Forsyth,0
2015-08-29,Willow Springs,2,Forsyth,1
2015-08-29,Verona,1,Golden City,1
2015-08-29,Exeter,1,Golden City,1
2015-08-29,Marionville,2,Golden City,0
2015-08-29,Southwest (Washburn),2,Golden City,0
2015-08-29,Neosho,1,Green Ridge,1
2015-08-29,Stockton,1,Green Ridge,1
2015-08-29,St. Joseph's Academy,2,Green Ridge,0
2015-08-29,Skyline,0,Holden,2
2015-08-29,Willard,0,Holden,2
2015-08-29,Houston,0,Hollister,2
2015-08-29,Branson,2,Hollister,0
2015-08-29,Mt. Vernon,2,Hollister,0
2015-08-29,Branson,2,Houston,0
2015-08-29,Rock Bridge,0,Kickapoo,2
2015-08-29,Helias Catholic,2,Kickapoo,1
2015-08-29,Windsor,1,Knob Noster,1
2015-08-29,Versailles,0,Knob Noster,2
2015-08-29,Sherwood,0,Knob Noster,2
2015-08-29,Winona,2,Lamar,0
2015-08-29,Seneca,1,Lamar,2
2015-08-29,Reeds Spring,1,Lamar,1
2015-08-29,Lee's Summit,2,Lamar,0
2015-08-29,Mid-Buchanan,2,Lathrop,0
2015-08-29,Plattsburg,2,Lathrop,0
2015-08-29,Mid-Buchanan,1,Lawson,1
2015-08-29,Lathrop,1,Lawson,1
2015-08-29,Penney,0,Lawson,2
2015-08-29,Plattsburg,0,Lawson,2
2015-08-29,Branson,2,Lebanon,1
2015-08-29,Mt. Vernon,2,Lebanon,0
2015-08-29,Winona,1,Lee's Summit,1
2015-08-29,Reeds Spring,0,Lee's Summit,2
2015-08-29,Fair Grove,0,Lee's Summit,2
2015-08-29,Branson,2,Lee's Summit,0
2015-08-29,St. Teresa's Academy,1,Lee's Summit West,2
2015-08-29,St. Paul Lutheran (Concordia),2,Lexington,0
2015-08-29,Willard,1,Lexington,1
2015-08-29,Pleasant Hope,1,Lexington,1
2015-08-29,Sherwood,1,Lexington,2
2015-08-29,Golden City,1,Lockwood,1
2015-08-29,Verona,2,Lockwood,0
2015-08-29,Exeter,0,Lockwood,2
2015-08-29,Marionville,2,Lockwood,0
2015-08-29,Willard,2,Logan-Rogersville,0
2015-08-29,Neosho,0,Logan-Rogersville,2
2015-08-29,Stockton,0,Logan-Rogersville,2
2015-08-29,St. Joseph's Academy,1,Logan-Rogersville,1
2015-08-29,Green Ridge,0,Logan-Rogersville,2
2015-08-29,Verona,1,Marionville,1
2015-08-29,Exeter,0,Marionville,2
2015-08-29,Miller,0,Marionville,2
2015-08-29,Hannibal,2,Marshall,0
2015-08-29,Reeds Spring,2,McDonald County,1
2015-08-29,El Dorado Springs,0,McDonald County,2
2015-08-29,Mt. Vernon,2,McDonald County,0
2015-08-29,Lebanon,2,McDonald County,0
2015-08-29,Pacific,0,Mehlville,2
2015-08-29,North Platte,2,Mid-Buchanan,1
2015-08-29,Southwest (Washburn),0,Miller,2
2015-08-29,Sarcoxie,2,Miller,0
2015-08-29,Winona,2,Mountain Grove,0
2015-08-29,Branson,1,Mt. Vernon,2
2015-08-29,St. Joseph's Academy,2,Neosho,0
2015-08-29,Stockton,2,Neosho,0
2015-08-29,Penney,0,North Platte,2
2015-08-29,Plattsburg,0,North Platte,2
2015-08-29,West Platte,0,North Platte,2
2015-08-29,St. Pius X (Festus),2,Pacific,0
2015-08-29,Seneca,1,Pattonville,1
2015-08-29,Reeds Spring,2,Pattonville,1
2015-08-29,Fair Grove,2,Pattonville,0
2015-08-29,Plattsburg,2,Penney,0
2015-08-29,West Platte,2,Penney,0
2015-08-29,West Platte,2,Plattsburg,0
2015-08-29,St. Paul Lutheran (Concordia),2,Pleasant Hope,0
2015-08-29,Willard,2,Pleasant Hope,0
2015-08-29,Skyline,2,Pleasant Hope,0
2015-08-29,St. Paul Lutheran (Farmington),2,Pleasant Hope,0
2015-08-29,Verona,0,Purdy,2
2015-08-29,Southwest (Washburn),1,Purdy,1
2015-08-29,Miller,1,Purdy,1
2015-08-29,Everton,0,Purdy,2
2015-08-29,Marionville,2,Purdy,0
2015-08-29,Sarcoxie,0,Purdy,2
2015-08-29,Winona,2,Reeds Spring,0
2015-08-29,Rock Bridge,0,Republic,2
2015-08-29,Helias Catholic,2,Republic,0
2015-08-29,Lone Jack,2,Ruskin,0
2015-08-29,Trenton,2,Ruskin,0
2015-08-29,Southwest (Washburn),2,Sarcoxie,0
2015-08-29,Fair Grove,2,Seneca,0
2015-08-29,Houston,0,Seneca,2
2015-08-29,Windsor,1,Sherwood,1
2015-08-29,Willow Springs,2,Union,0
2015-08-29,Winona,2,Stockton,1
2015-08-29,St. Joseph's Academy,2,Stockton,0
2015-08-29,St. Paul Lutheran (Concordia),2,Willard,0
2015-08-29,Lone Jack,2,Trenton,0
2015-08-29,Winnetonka,0,St. Charles,2
2015-08-29,Windsor,2,Versailles,0
2015-08-29,Skyline,2,Versailles,0
2015-08-29,Sherwood,1,Versailles,1
2015-08-29,Winona,0,Willard,2
2015-08-29,Mountain Grove,0,Willard,2
2015-08-29,St. Joseph's Academy,2,Willard,1
2015-08-29,St. Paul Lutheran (Concordia),2,Windsor,0
2015-08-31,Valley,0,Arcadia Valley,2
2015-08-31,Fordland,2,Ava,0
2015-08-31,Richland (Essex),0,Bell City,2
2015-08-31,Puxico,0,Central (Cape Girardeau),2
2015-08-31,Senath-Hornersville,0,Central (New Madrid County),2
2015-08-31,Wentworth Military Academy,0,Chilhowee,2
2015-08-31,La Monte,2,Chilhowee,0
2015-08-31,Green Ridge,0,Concordia,2
2015-08-31,Santa Fe,2,Concordia,1
2015-08-31,Kingston,1,Crystal City,2
2015-08-31,Seneca,0,Fredericktown,2
2015-08-31,Liberty (Wentzville),0,Ft. Zumwalt East,2
2015-08-31,Bronaugh,0,Golden City,2
2015-08-31,Sparta,0,Grain Valley,2
2015-08-31,Santa Fe,2,Green Ridge,0
2015-08-31,Charleston,0,Hayti,2
2015-08-31,St. Paul Lutheran (Farmington),0,Herculaneum,2
2015-08-31,Savannah,2,Jefferson City,1
2015-08-31,Wentworth Military Academy,0,La Monte,2
2015-08-31,Portageville,1,Malden,2
2015-08-31,Sarcoxie,0,McAuley Catholic,2
2015-08-31,Centralia,2,Mexico,0
2015-08-31,Bolivar,0,Mt. Vernon,2
2015-08-31,Parkway West,2,Nerinx Hall,0
2015-08-31,Savannah,2,Northland Christian,0
2015-08-31,Crest Ridge,2,Northwest (Hughesville),1
2015-08-31,Marshall,1,Oak Grove,2
2015-08-31,Oran,2,Oak Ridge,0
2015-08-31,Plato,0,Osage,2
2015-08-31,Central (St. Joseph),0,Park Hill South,2
2015-08-31,Parkway North,2,Parkway Central,0
2015-08-31,Hollister,2,Pleasant Hope,0
2015-08-31,Blue Eye,0,Reeds Spring,2
2015-08-31,Linn,2,Sarcoxie,0
2015-08-31,West Plains,2,Salem,0
2015-08-31,McDonald County,1,Seneca,2
2015-08-31,Dexter,2,Sikeston,0
2015-08-31,Willard,0,Skyline,2
2015-08-31,Fatima,2,Southern Boone,0
2015-08-31,Stockton,0,Springfield Catholic,2
2015-08-31,O'Hara,2,Summit Christian Academy,0
2015-08-31,McCluer,0,Trinity Catholic,2
2015-08-31,Caruthersville,1,St. Clair,2
2015-08-31,Villa Duchesne,2,Ursuline Academy,0
2015-08-31,Warsaw,1,Viburnum,2
2015-08-31,Versailles,0,Warrensburg,2
2015-08-31,St. Clair,1,Warrenton,2
2015-08-31,Dixon,0,Waynesville,2
2015-08-31,Plattsburg,0,West Platte,2
2015-08-31,Pattonville,2,Whitfield,1
2015-09-01,Crest Ridge,0,Adrian,2
2015-09-01,Seneca,0,Advance,2
2015-09-01,Northwest (Cedar Hill),2,Affton,0
2015-09-01,Windsor,1,Archie,2
2015-09-01,Butler,0,Barstow,3
2015-09-01,Owensville,2,Belle,0
2015-09-01,Winnetonka,2,Belton,1
2015-09-01,Notre Dame (Cape Girardeau),2,Bernie,0
2015-09-01,Purdy,2,Billings,1
2015-09-01,Fulton,0,Blair Oaks,2
2015-09-01,Hickman,2,Boonville,0
2015-09-01,Hurley,2,Bradleyville,0
2015-09-01,Gateway,0,Brentwood,2
2015-09-01,Chillicothe,2,Brookfield,0
2015-09-01,Conway,0,Buffalo,2
2015-09-01,California,2,Bunceton,0
2015-09-01,Plato,1,Cabool,2
2015-09-01,Smithton,0,Calvary Lutheran,2
2015-09-01,Logan-Rogersville,2,Camdenton,0
2015-09-01,Excelsior Springs,2,Cameron,0
2015-09-01,Caruthersville,1,Campbell,2
2015-09-01,John F. Kennedy,2,Cardinal Ritter,0
2015-09-01,Carthage,2,Carl Junction,0
2015-09-01,Lawson,1,Carrollton,2
2015-09-01,Dexter,2,Central (Cape Girardeau),0
2015-09-01,Southeast,0,Central (Kansas City),2
2015-09-01,Malden,2,Central (New Madrid County),1
2015-09-01,DeSoto,2,Central (Park Hills),0
2015-09-01,Willard,2,Central (Springfield),0
2015-09-01,Ruskin,0,Central (St. Joseph),2
2015-09-01,Wright City,2,Centralia,1
2015-09-01,New Haven,2,Chamois,0
2015-09-01,Lift for Life Academy Charter,2,Cleveland NJROTC,0
2015-09-01,Fox,2,Crystal City,0
2015-09-01,Bourbon,0,Cuba,2
2015-09-01,Cooter,2,Delta (Deering),0
2015-09-01,East Newton,2,Diamond,0
2015-09-01,St. Clair,0,Doniphan,2
2015-09-01,Northeast (Kansas City),0,East (Kansas City),2
2015-09-01,Salem,0,Eminence,2
2015-09-01,Southern Boone,2,Eugene,0
2015-09-01,Pacific,1,Eureka,2
2015-09-01,Greenfield,2,Everton,0
2015-09-01,Marshfield,0,Fair Grove,2
2015-09-01,Hillsboro,0,Farmington,2
2015-09-01,Linn,0,Fatima,2
2015-09-01,Valle Catholic,2,Festus,0
2015-09-01,Union,0,Fordland,2
2015-09-01,School of the Ozarks,2,Forsyth,0
2015-09-01,Timberland,2,Ft. Zumwalt West,0
2015-09-01,Clarkton,0,Gideon,2
2015-09-01,Republic,0,Glendale,2
2015-09-01,Valley,2,Grandview (Hillsboro),0
2015-09-01,Kirksville,2,Hallsville,1
2015-09-01,Portageville,2,Hayti,0
2015-09-01,Jefferson City,0,Helias Catholic,2
2015-09-01,Father Tolton,0,Hermann,2
2015-09-01,Hollister,2,Hillcrest,1
2015-09-01,Ritenour,1,John Burroughs,2
2015-09-01,Nixa,2,Joplin,0
2015-09-01,Blue Springs,2,Kearney,0
2015-09-01,Oakville,0,Kirkwood,2
2015-09-01,Clinton,1,Knob Noster,2
2015-09-01,Odessa,2,Lafayette County,0
2015-09-01,Liberal,0,Lamar,2
2015-09-01,Orrick,2,Lathrop,1
2015-09-01,Battle,1,Lebanon,2
2015-09-01,Lee's Summit,2,Lee's Summit West,1
2015-09-01,Ellington,0,Lesterville,2
2015-09-01,Kingsville,0,Lexington,2
2015-09-01,Lee's Summit North,2,Liberty,0
2015-09-01,Ladue Horton Watkins,2,Liberty (Wentzville),0
2015-09-01,Staley,2,Liberty North,0
2015-09-01,Warsaw,2,Lincoln,1
2015-09-01,Osceola,2,Lockwood,0
2015-09-01,Notre Dame (St. Louis),0,Lutheran South,2
2015-09-01,Bishop DuBourg,2,Lutheran St. Charles,1
2015-09-01,Villa Duchesne,2,Marquette,0
2015-09-01,Bismarck,2,Meadow Heights,0
2015-09-01,Tarkio,0,Mehlville,2
2015-09-01,Jennings,0,Metro,2
2015-09-01,Eldon,2,Mexico,0
2015-09-01,Ballard,2,Miami (Amoret),1
2015-09-01,Clayton,0,MICDS,2
2015-09-01,New Heights Christian,0,Miller,2
2015-09-01,Bowling Green,0,Montgomery County,2
2015-09-01,Licking,0,Mountain Grove,2
2015-09-01,Mt. Vernon,2,Neosho,0
2015-09-01,Savannah,2,Nevada,0
2015-09-01,Chadwick,2,Niangua,0
2015-09-01,Missouri School for the Deaf,0,North Callaway,2
2015-09-01,Windsor (Imperial),0,North County,2
2015-09-01,Fort Osage,0,North Kansas City,2
2015-09-01,St. Paul Lutheran (Concordia),2,Northwest (Hughesville),0
2015-09-01,Holden,2,Oak Grove,0
2015-09-01,Raytown,0,Oak Park,2
2015-09-01,Charleston,1,Oak Ridge,2
2015-09-01,Warrensburg,2,O'Hara,0
2015-09-01,St. Charles West,2,Orchard Farm,0
2015-09-01,Cole Camp,2,Osage,0
2015-09-01,Sacred Heart,2,Otterville,0
2015-09-01,Branson,2,Parkview,0
2015-09-01,Lutheran (Kansas City),2,Pembroke Hill,0
2015-09-01,Trenton,0,Plattsburg,2
2015-09-01,Sparta,0,Pleasant Hill,2
2015-09-01,Jackson,0,Poplar Bluff,2
2015-09-01,Woodland,2,Puxico,0
2015-09-01,Blue Springs South,2,Raymore-Peculiar,0
2015-09-01,Platte County,2,Raytown South,0
2015-09-01,Clever,1,Reeds Spring,2
2015-09-01,McAuley Catholic,2,Rich Hill,1
2015-09-01,Bloomfield,2,Richland (Essex),0
2015-09-01,Bishop LeBlond,2,Rock Port,0
2015-09-01,St. James,1,Rolla,2
2015-09-01,Willard,2,Sarcoxie,0
2015-09-01,Lone Jack,0,Santa Fe,2
2015-09-01,Holcomb,2,Senath-Hornersville,1
2015-09-01,Midway,2,Sherwood,0
2015-09-01,West County,2,South Iron,0
2015-09-01,Marionville,2,Southwest (Washburn),1
2015-09-01,Ash Grove,2,Springfield Catholic,1
2015-09-01,Holt,2,St. Charles,0
2015-09-01,St. Dominic,0,St. Joseph's Academy,2
2015-09-01,St. James,2,St. Joseph Christian,0
2015-09-01,Greenville,2,St. Paul Lutheran (Farmington),0
2015-09-01,Center,0,St. Pius X (Kansas City),2
2015-09-01,Saxony Lutheran,0,St. Vincent,2
2015-09-01,El Dorado Springs,0,Winona,2
2015-09-01,Houston,2,Wright City,0
2015-09-01,Exeter,2,Thomas Jefferson Independent Day,0
2015-09-01,Veritas Christian Academy,0,Trinity Catholic,2
2015-09-01,Park Hill,1,St. Charles,2
2015-09-01,Versailles,2,University Academy Charter,1
2015-09-01,Principia,2,Valley Park,0
2015-09-01,Skyline,1,Versailles,2
2015-09-01,Arcadia Valley,2,Viburnum,0
2015-09-01,Barat Academy,0,Visitation Academy,2
2015-09-01,Webb City,0,Waynesville,2
2015-09-01,McDonald County,0,Webb City,2
2015-09-01,Concordia,2,Wellington-Napoleon,0
2015-09-01,Troy Buchanan,0,Westminster Christian Academy,2
2015-09-01,Crane,2,Wheaton,0
2015-09-01,Bunker,0,Winona,2
2015-09-01,Bell City,2,Zalma,3
2015-09-02,St. Pius X (Festus),2,Affton,0
2015-09-02,Ruskin,0,Belton,2
2015-09-02,Crossroads College Preparatory,1,Brentwood,2
2015-09-02,Bayless,1,Clayton,2
2015-09-02,Webster Groves,0,Cor Jesu Academy,2
2015-09-02,Springfield Catholic,0,Duchesne,2
2015-09-02,Lafayette (Wildwood),2,Eureka,0
2015-09-02,Pattonville,0,Ft. Zumwalt East,2
2015-09-02,Parkview,0,Glendale,2
2015-09-02,Center,0,Grandview,2
2015-09-02,Normandy Collaborative,0,Hazelwood East,2
2015-09-02,Parkway Central,0,Incarnate Word Academy,2
2015-09-02,Valle Catholic,2,Jefferson (Festus),1
2015-09-02,Battle,2,Kirksville,0
2015-09-02,John Burroughs,2,Maplewood-Richmond Hts.,0
2015-09-02,Leopold,2,Marquand-Zion,0
2015-09-02,Metro,0,Nerinx Hall,2
2015-09-02,Rock Bridge,0,Notre Dame de Sion,2
2015-09-02,Park Hill,0,Oak Park,2
2015-09-02,Washington,2,Pacific,0
2015-09-02,Central (St. Joseph),0,Park Hill South,2
2015-09-02,Parkway North,2,Parkway South,0
2015-09-02,Lindbergh,0,Parkway West,2
2015-09-02,Farmington,0,Perryville,3
2015-09-02,Herculaneum,2,Potosi,1
2015-09-02,Northwest (Cedar Hill),2,Rockwood Summit,0
2015-09-02,Kickapoo,2,Rolla,0
2015-09-02,Notre Dame (Cape Girardeau),2,Seneca,0
2015-09-02,Fox,2,Seckman,1
2015-09-02,Warsaw,0,Smithton,2
2015-09-02,Lutheran St. Charles,1,Trinity Catholic,2
2015-09-02,Lincoln College Prep,2,University Academy Charter,0
2015-09-02,Ft. Zumwalt North,2,Warrenton,0
2015-09-02,Ursuline Academy,2,Westminster Christian Academy,1
2015-09-02,Ste. Genevieve,2,Windsor (Imperial),0
2015-09-03,Marshfield,2,Ava,0
2015-09-03,Hume,1,Ballard,2
2015-09-03,Centralia,0,Battle,2
2015-09-03,Bernie,3,Bell City,0
2015-09-03,Cameron,0,Benton,2
2015-09-03,John F. Kennedy,0,Bishop DuBourg,2
2015-09-03,Maryville,0,Bishop LeBlond,2
2015-09-03,Potosi,0,Bismarck,2
2015-09-03,Willard,2,Bolivar,0
2015-09-03,St. James,2,Bourbon,1
2015-09-03,Central (Springfield),1,Branson,2
2015-09-03,Miami (Amoret),0,Bronaugh,2
2015-09-03,Plattsburg,2,Brookfield,0
2015-09-03,Tipton,2,Bunceton,1
2015-09-03,Lesterville,2,Bunker,0
2015-09-03,Versailles,0,Butler,3
2015-09-03,Winona,2,Cabool,1
2015-09-03,West Plains,0,Camdenton,2
2015-09-03,Marionville,2,Cassville,0
2015-09-03,O'Hara,2,Center,0
2015-09-03,St. Charles,2,Central (St. Joseph),0
2015-09-03,Galena,2,Chadwick,1
2015-09-03,Sarcoxie,3,Chamois,1
2015-09-03,Sparta,2,Chillicothe,0
2015-09-03,North Pemiscot,0,Clarkton,2
2015-09-03,Springfield Catholic,0,Clever,2
2015-09-03,Savannah,2,Clinton,0
2015-09-03,Risco,2,Cooter,0
2015-09-03,St. Joseph's Academy,2,Cor Jesu Academy,0
2015-09-03,East (Kansas City),0,Cristo Rey,2
2015-09-03,Campbell,2,Delta (Deering),0
2015-09-03,Seneca,2,Diamond,0
2015-09-03,Belle,2,Dixon,1
2015-09-03,Thayer,0,Doniphan,2
2015-09-03,Helias Catholic,2,Duchesne,1
2015-09-03,West Platte,1,East Buchanan,2
2015-09-03,Lockwood,2,El Dorado Springs,1
2015-09-03,California,0,Eldon,2
2015-09-03,South Iron,2,Ellington,1
2015-09-03,Liberty (Mountain View),2,Eminence,0
2015-09-03,Lawson,0,Excelsior Springs,2
2015-09-03,McAuley Catholic,2,Exeter,0
2015-09-03,Arcadia Valley,2,Festus,0
2015-09-03,Billings,2,Forsyth,1
2015-09-03,Francis Howell Central,0,Francis Howell,2
2015-09-03,Troy Buchanan,0,Francis Howell North,2
2015-09-03,Perryville,2,Fredericktown,0
2015-09-03,Washington,2,Ft. Zumwalt North,0
2015-09-03,Eugene,0,Fulton,2
2015-09-03,Belton,2,Grain Valley,0
2015-09-03,Raytown,2,Grandview,0
2015-09-03,Valley Park,0,Grandview,2
2015-09-03,Valley Park,0,Grandview (Hillsboro),2
2015-09-03,Crest Ridge,2,Green Ridge,0
2015-09-03,Stockton,2,Greenfield,0
2015-09-03,North Callaway,1,Hallsville,2
2015-09-03,Bowling Green,0,Hannibal,2
2015-09-03,Central (Park Hills),1,Herculaneum,2
2015-09-03,Fatima,1,Hermann,2
2015-09-03,Waynesville,2,Hillcrest,1
2015-09-03,Southeast,0,Hogan Prep Academy Charter,2
2015-09-03,Gideon,2,Holcomb,0
2015-09-03,Ft. Zumwalt South,0,Holt,2
2015-09-03,Blue Eye,0,Hurley,2
2015-09-03,St. Joseph's Academy,2,Incarnate Word Academy,1
2015-09-03,DeSoto,0,Jackson,2
2015-09-03,Rich Hill,0,Jasper,2
2015-09-03,Boonville,2,Kirksville,0
2015-09-03,Westminster Christian Academy,2,Ladue Horton Watkins,1
2015-09-03,Savannah,2,Lafayette (St. Joseph),0
2015-09-03,Santa Fe,2,Lafayette County,0
2015-09-03,Northland Christian,2,Lathrop,0
2015-09-03,Joplin,0,Lebanon,2
2015-09-03,Blue Springs,2,Lee's Summit,1
2015-09-03,St. Charles,2,Liberty (Wentzville),1
2015-09-03,Oak Park,2,Liberty North,0
2015-09-03,Archie,2,Lincoln,0
2015-09-03,Fair Grove,2,Logan-Rogersville,0
2015-09-03,Harrisonville,0,Lutheran (Kansas City),2
2015-09-03,Kennett,0,Malden,2
2015-09-03,Kingston,2,Marquand-Zion,0
2015-09-03,Lindbergh,1,Marquette,2
2015-09-03,Mexico,0,Marshall,2
2015-09-03,Seneca,0,Meadow Heights,2
2015-09-03,Principia,1,MICDS,2
2015-09-03,Drexel,0,Mid-Buchanan,2
2015-09-03,Kingsville,0,Midway,2
2015-09-03,Winona,2,Miller,0
2015-09-03,Reeds Spring,2,Monett,0
2015-09-03,New Haven,2,Montgomery County,0
2015-09-03,Aurora,0,Mt. Vernon,2
2015-09-03,East Newton,2,Neosho,0
2015-09-03,Rock Port,0,Nodaway-Holt,2
2015-09-03,St. Joseph Christian,0,North Platte,2
2015-09-03,Oakville,0,Northwest (Cedar Hill),2
2015-09-03,Advance,2,Oak Ridge,0
2015-09-03,Richmond,0,Orrick,2
2015-09-03,Lakeland,0,Osceola,2
2015-09-03,Smithton,2,Otterville,0
2015-09-03,Lutheran South,2,Parkway North,0
2015-09-03,Mehlville,2,Parkway South,0
2015-09-03,Parkway West,2,Pattonville,0
2015-09-03,Lamar,2,Pierce City,0
2015-09-03,Winnetonka,1,Platte County,2
2015-09-03,Fordland,2,Pleasant Hope,0
2015-09-03,Bloomfield,0,Poplar Bluff,2
2015-09-03,Richland (Essex),0,Puxico,2
2015-09-03,Lee's Summit North,2,Raymore-Peculiar,0
2015-09-03,Kearney,2,Raytown South,0
2015-09-03,Affton,2,Ritenour,1
2015-09-03,Kickapoo,2,Rolla,0
2015-09-03,New Heights Christian,1,Sarcoxie,2
2015-09-03,Sikeston,0,Saxony Lutheran,2
2015-09-03,Ash Grove,2,School of the Ozarks,0
2015-09-03,Hayti,0,Senath-Hornersville,2
2015-09-03,Buffalo,0,Skyline,2
2015-09-03,Thomas Jefferson Independent Day,0,Southwest (Washburn),2
2015-09-03,Spokane,2,Union,0
2015-09-03,Winfield,1,St. Charles West,1
2015-09-03,Springfield Catholic,0,St. Dominic,2
2015-09-03,Lexington,0,St. Paul Lutheran (Concordia),2
2015-09-03,West County,2,St. Paul Lutheran (Farmington),0
2015-09-03,Notre Dame de Sion,1,St. Pius X (Kansas City),2
2015-09-03,Fort Osage,0,Staley,2
2015-09-03,Jefferson (Festus),0,Ste. Genevieve,2
2015-09-03,Licking,0,Warsaw,2
2015-09-03,Willow Springs,2,Wright City,0
2015-09-03,Carrollton,2,Trenton,0
2015-09-03,North County,2,Tarkio,0
2015-09-03,Kirkwood,0,Ursuline Academy,2
2015-09-03,Cardinal Ritter,0,Veritas Christian Academy,2
2015-09-03,Purdy,2,Verona,0
2015-09-03,Osage,2,Versailles,0
2015-09-03,Cuba,0,Viburnum,2
2015-09-03,St. Pius X (Festus),2,Villa Duchesne,0
2015-09-03,Nevada,0,Warrensburg,2
2015-09-03,Orchard Farm,2,Warrenton,0
2015-09-03,Blair Oaks,2,Warsaw,0
2015-09-03,Carl Junction,2,Webb City,0
2015-09-03,Odessa,2,Wellington-Napoleon,0
2015-09-03,Visitation Academy,0,Whitfield,2
2015-09-03,North Kansas City,2,William Chrisman,0
2015-09-03,Adrian,2,Windsor,0
2015-09-03,Otterville,1,Windsor,2
2015-09-03,Clearwater,0,Woodland,2
2015-09-03,Greenville,2,Zalma,1
2015-09-04,Oran,0,Advance,2
2015-09-04,Eugene,2,Bunceton,0
2015-09-04,Principia,2,Crossroads College Preparatory,0
2015-09-04,Helias Catholic,2,Dexter,0
2015-09-04,Perryville,0,Dexter,2
2015-09-04,Lindbergh,0,Dexter,2
2015-09-04,Ft. Zumwalt South,0,Farmington,2
2015-09-04,Marquand-Zion,0,Greenville,2
2015-09-04,Perryville,0,Jefferson City,2
2015-09-04,Barat Academy,0,John Burroughs,2
2015-09-04,Perryville,0,Lafayette (Wildwood),2
2015-09-04,St. Vincent,1,Lindbergh,1
2015-09-04,Ste. Genevieve,1,Lindbergh,1
2015-09-04,Brentwood,0,Lutheran North,2
2015-09-04,Webster Groves,0,Nerinx Hall,2
2015-09-04,Calvary Lutheran,2,Niangua,0
2015-09-04,Wright City,2,North County,0
2015-09-04,St. Vincent,1,Notre Dame (Cape Girardeau),1
2015-09-04,Helias Catholic,2,Perryville,0
2015-09-04,Francis Howell Central,2,Rockwood Summit,0
2015-09-04,Hancock,2,Roosevelt,0
2015-09-04,Delta (Deering),0,Southland,2
2015-09-04,Notre Dame (Cape Girardeau),2,Ste. Genevieve,0
2015-09-04,St. Vincent,1,Ste. Genevieve,1
2015-09-04,Whitfield,2,Webb City,0
2015-09-04,Holcomb,0,St. Clair,2
2015-09-05,Miami (Amoret),0,Archie,2
2015-09-05,Lutheran (Kansas City),2,Archie,0
2015-09-05,Lutheran (Kansas City),2,Butler,0
2015-09-05,Drexel,0,Butler,2
2015-09-05,Rich Hill,0,Butler,2
2015-09-05,Hume,0,Butler,2
2015-09-05,Northwest (Hughesville),1,Cameron,2
2015-09-05,Warsaw,1,Cameron,1
2015-09-05,Clayton,0,Centralia,2
2015-09-05,School of the Ozarks,2,Chadwick,0
2015-09-05,Hurley,2,Chadwick,0
2015-09-05,Spokane,2,Chadwick,0
2015-09-05,Springfield Catholic,2,Chadwick,0
2015-09-05,Galena,2,Chadwick,0
2015-09-05,Arcadia Valley,0,Clayton,2
2015-09-05,Notre Dame (Cape Girardeau),1,Dexter,2
2015-09-05,Helias Catholic,2,Dexter,0
2015-09-05,Lafayette (Wildwood),1,Dexter,1
2015-09-05,Lindbergh,0,Dexter,2
2015-09-05,Hume,0,Drexel,2
2015-09-05,Rich Hill,2,Drexel,0
2015-09-05,Nodaway-Holt,2,Fairfax,1
2015-09-05,Winfield,2,Francis Howell Central,0
2015-09-05,Hannibal,1,Francis Howell Central,2
2015-09-05,Timberland,1,Francis Howell Central,2
2015-09-05,Holt,2,Francis Howell Central,0
2015-09-05,Ft. Zumwalt East,0,Ft. Zumwalt West,2
2015-09-05,Francis Howell Central,0,Ft. Zumwalt West,2
2015-09-05,St. Charles West,0,Ft. Zumwalt West,2
2015-09-05,Holt,1,Ft. Zumwalt West,2
2015-09-05,Timberland,2,Ft. Zumwalt West,1
2015-09-05,School of the Ozarks,2,Galena,0
2015-09-05,Springfield Catholic,2,Galena,0
2015-09-05,Winfield,1,Hannibal,2
2015-09-05,Timberland,2,Hannibal,0
2015-09-05,St. Vincent,0,Helias Catholic,2
2015-09-05,Ft. Zumwalt East,1,Holt,2
2015-09-05,Timberland,2,Holt,1
2015-09-05,Rich Hill,2,Hume,0
2015-09-05,School of the Ozarks,2,Hurley,0
2015-09-05,Spokane,0,Hurley,2
2015-09-05,Springfield Catholic,2,Hurley,0
2015-09-05,St. Vincent,2,Lafayette (Wildwood),1
2015-09-05,Warrensburg,1,Lafayette County,1
2015-09-05,Warsaw,0,Lafayette County,2
2015-09-05,Cameron,0,Lafayette County,2
2015-09-05,Savannah,2,Lafayette County,1
2015-09-05,Notre Dame (Cape Girardeau),2,Lindbergh,0
2015-09-05,St. Vincent,1,Lindbergh,1
2015-09-05,Ste. Genevieve,1,Lindbergh,1
2015-09-05,Northwest (Hughesville),0,Maryville,2
2015-09-05,Warrensburg,2,Maryville,0
2015-09-05,Savannah,1,Maryville,1
2015-09-05,Richmond,0,Maryville,2
2015-09-05,El Dorado Springs,0,McDonald County,2
2015-09-05,Lutheran (Kansas City),2,Miami (Amoret),0
2015-09-05,Richmond,0,Northwest (Hughesville),2
2015-09-05,Notre Dame (Cape Girardeau),2,Perryville,0
2015-09-05,Lutheran (Kansas City),2,Rich Hill,0
2015-09-05,Warsaw,0,Richmond,2
2015-09-05,Northwest (Hughesville),0,Savannah,2
2015-09-05,Warrensburg,0,Savannah,2
2015-09-05,Richmond,0,Savannah,2
2015-09-05,Springfield Catholic,2,Spokane,0
2015-09-05,School of the Ozarks,1,Springfield Catholic,2
2015-09-05,Ft. Zumwalt East,2,St. Charles West,0
2015-09-05,Holt,2,St. Charles West,1
2015-09-05,Helias Catholic,2,Ste. Genevieve,0
2015-09-05,Winfield,0,Timberland,2
2015-09-05,Wellington-Napoleon,2,Trenton,0
2015-09-05,Cameron,0,Warrensburg,2
2015-09-05,Warsaw,0,Warrensburg,2
2015-09-07,Hickman,0,Battle,2
2015-09-07,Fair Grove,2,Buffalo,0
2015-09-07,Webb City,2,Central (Springfield),1
2015-09-07,Kearney,2,Central (St. Joseph),1
2015-09-07,McCluer South-Berkeley,0,Clayton,2
2015-09-07,California,0,Cole Camp,2
2015-09-07,Kingston,1,Crystal City,2
2015-09-07,Chillicothe,1,Lafayette County,2
2015-09-07,Park Hill,2,Liberty North,0
2015-09-07,Southeast,0,Northeast (Kansas City),2
2015-09-07,Penney,2,Trenton,0
2015-09-07,William Chrisman,0,St. Charles,2
2015-09-08,Butler,1,Adrian,2
2015-09-08,Bernie,2,Advance,0
2015-09-08,Fredericktown,0,Arcadia Valley,2
2015-09-08,Midway,2,Archie,0
2015-09-08,Reeds Spring,0,Aurora,2
2015-09-08,Wright City,2,Barat Academy,0
2015-09-08,Risco,2,Bell City,3
2015-09-08,Grandview,0,Belton,2
2015-09-08,Maryville,2,Benton,1
2015-09-08,Pembroke Hill,0,Bishop LeBlond,2
2015-09-08,Dexter,2,Bloomfield,0
2015-09-08,Hollister,2,Blue Eye,0
2015-09-08,Lee's Summit West,0,Blue Springs,2
2015-09-08,Park Hill South,2,Blue Springs South,0
2015-09-08,Branson,2,Bolivar,0
2015-09-08,Lafayette County,0,Boonville,2
2015-09-08,Orchard Farm,2,Bowling Green,0
2015-09-08,Affton,2,Brentwood,0
2015-09-08,Ellington,2,Bunker,1
2015-09-08,Warsaw,0,California,2
2015-09-08,Southland,2,Campbell,0
2015-09-08,Lebanon,0,Carl Junction,2
2015-09-08,Chillicothe,2,Carrollton,0
2015-09-08,Hayti,2,Caruthersville,1
2015-09-08,Wheaton,0,Cassville,2
2015-09-08,Jackson,2,Central (Cape Girardeau),0
2015-09-08,Northeast (Kansas City),2,Central (Kansas City),0
2015-09-08,Charleston,0,Central (New Madrid County),2
2015-09-08,Springfield Catholic,0,Central (Springfield),2
2015-09-08,Southern Boone,2,Centralia,0
2015-09-08,Malden,2,Clarkton,0
2015-09-08,McCluer South-Berkeley,0,Clayton,2
2015-09-08,O'Hara,2,Clinton,0
2015-09-08,Fordland,2,Conway,0
2015-09-08,La Monte,0,Crest Ridge,2
2015-09-08,Kingsville,0,Crest Ridge,2
2015-09-08,Bayless,0,Crossroads College Preparatory,2
2015-09-08,Warsaw,0,Cuba,2
2015-09-08,Miami (Amoret),0,Drexel,2
2015-09-08,Sherwood,1,Drexel,2
2015-09-08,St. Joseph's Academy,0,Duchesne,2
2015-09-08,Fairfax,0,East Buchanan,2
2015-09-08,Pierce City,0,East Newton,2
2015-09-08,Pleasant Hope,0,El Dorado Springs,2
2015-09-08,Blair Oaks,2,Eldon,0
2015-09-08,Spokane,0,Fair Grove,2
2015-09-08,New Haven,2,Father Tolton,1
2015-09-08,Eugene,0,Fatima,2
2015-09-08,Clever,2,Forsyth,0
2015-09-08,Lindbergh,2,Fox,0
2015-09-08,Ft. Zumwalt West,0,Francis Howell Central,2
2015-09-08,Holt,2,Ft. Zumwalt North,0
2015-09-08,Southwest (Washburn),2,Galena,0
2015-09-08,Delta (Deering),0,Gideon,2
2015-09-08,Jefferson (Festus),2,Grandview (Hillsboro),0
2015-09-08,Versailles,2,Hallsville,0
2015-09-08,Valley Park,0,Hancock,2
2015-09-08,Hazelwood Central,2,Hazelwood East,0
2015-09-08,Riverview Gardens,0,Hazelwood West,2
2015-09-08,Sacred Heart,0,Hickman,2
2015-09-08,DeSoto,0,Hillsboro,2
2015-09-08,Odessa,1,Holden,2
2015-09-08,Plato,0,Houston,2
2015-09-08,Northeast Vernon County,1,Hume,2
2015-09-08,Crane,2,Hurley,0
2015-09-08,Veritas Christian Academy,2,John F. Kennedy,0
2015-09-08,Carthage,2,Joplin,0
2015-09-08,La Monte,2,Kingsville,0
2015-09-08,Fulton,2,Kirksville,0
2015-09-08,Parkway West,0,Kirkwood,2
2015-09-08,Greenfield,0,Lamar,2
2015-09-08,Lexington,0,Lawson,2
2015-09-08,Lee's Summit,1,Lee's Summit North,2
2015-09-08,Oran,0,Leopold,2
2015-09-08,Meadow Heights,0,Lesterville,2
2015-09-08,Jasper,0,Liberal,2
2015-09-08,Cabool,2,Licking,0
2015-09-08,Dixon,0,Linn,2
2015-09-08,St. Paul Lutheran (Concordia),1,Lutheran (Kansas City),2
2015-09-08,Westminster Christian Academy,2,Lutheran North,0
2015-09-08,Cardinal Ritter,0,Lutheran St. Charles,2
2015-09-08,Verona,0,Marionville,2
2015-09-08,St. Paul Lutheran (Farmington),2,Marquand-Zion,0
2015-09-08,Grain Valley,2,Marshall,0
2015-09-08,Hillcrest,1,Marshfield,2
2015-09-08,Bronaugh,0,McAuley Catholic,2
2015-09-08,McCluer,1,McCluer North,2
2015-09-08,Eureka,2,Mehlville,0
2015-09-08,Roosevelt,0,Metro,2
2015-09-08,St. Joseph Christian,0,Mid-Buchanan,2
2015-09-08,Lockwood,0,Miller,2
2015-09-08,Transportation and Law,0,Miller Career Academy,2
2015-09-08,Tarkio,0,Montgomery County,2
2015-09-08,Diamond,0,New Heights Christian,2
2015-09-08,Parkview,0,Nixa,2
2015-09-08,St. James,2,Nodaway-Holt,1
2015-09-08,Calvary Lutheran,2,North Callaway,0
2015-09-08,Liberty North,0,North Kansas City,2
2015-09-08,Cooter,2,North Pemiscot,1
2015-09-08,Lone Jack,0,North Platte,2
2015-09-08,Marquette,1,Northwest (Cedar Hill),2
2015-09-08,Ste. Genevieve,2,Notre Dame (Cape Girardeau),1
2015-09-08,Staley,2,Oak Park,1
2015-09-08,Waynesville,2,Osage,0
2015-09-08,Rich Hill,1,Osceola,2
2015-09-08,Logan-Rogersville,0,Ozark,2
2015-09-08,Rockwood Summit,2,Pacific,0
2015-09-08,Oakville,2,Parkway South,0
2015-09-08,Parkway Central,2,Pattonville,1
2015-09-08,Cameron,2,Penney,0
2015-09-08,Orrick,2,Plattsburg,0
2015-09-08,Savannah,0,Pleasant Hill,2
2015-09-08,Thomas Jefferson Independent Day,0,Purdy,2
2015-09-08,Sikeston,2,Puxico,1
2015-09-08,Fort Osage,0,Raymore-Peculiar,2
2015-09-08,William Chrisman,2,Raytown,0
2015-09-08,Kickapoo,2,Republic,0
2015-09-08,Hermann,2,Rock Bridge,0
2015-09-08,Jefferson City,2,Rolla,0
2015-09-08,Park Hill,2,Ruskin,0
2015-09-08,Everton,0,Sarcoxie,2
2015-09-08,Woodland,2,Saxony Lutheran,0
2015-09-08,Union,0,School of the Ozarks,2
2015-09-08,Kennett,2,Seneca,1
2015-09-08,Lafayette (Wildwood),2,Seckman,0
2015-09-08,St. Pius X (Kansas City),2,Savannah,0
2015-09-08,Excelsior Springs,0,Sparta,2
2015-09-08,Portageville,2,Summersville,0
2015-09-08,Warrenton,0,St. Charles,2
2015-09-08,Kingston,1,St. Clair,2
2015-09-08,Herculaneum,0,St. Pius X (Festus),2
2015-09-08,Crystal City,0,St. Vincent,2
2015-09-08,Northwest (Hughesville),0,Willard,2
2015-09-08,Belle,0,Webb City,2
2015-09-08,Notre Dame de Sion,2,Summit Christian Academy,0
2015-09-08,Wright City,2,Thayer,0
2015-09-08,Francis Howell North,2,Timberland,0
2015-09-08,Bishop DuBourg,2,Trinity Catholic,0
2015-09-08,Francis Howell,2,Troy Buchanan,0
2015-09-08,Liberty,2,St. Charles,1
2015-09-08,Greenville,1,St. Clair,2
2015-09-08,Hogan Prep Academy Charter,0,University Academy Charter,2
2015-09-08,Potosi,2,Viburnum,0
2015-09-08,John Burroughs,0,Villa Duchesne,2
2015-09-08,Incarnate Word Academy,2,Visitation Academy,0
2015-09-08,Center,0,Warrensburg,2
2015-09-08,Owensville,0,Washington,2
2015-09-08,Seneca,0,Webb City,2
2015-09-08,Ritenour,0,Webster Groves,2
2015-09-08,Liberty (Mountain View),2,West Plains,0
2015-09-08,Notre Dame (St. Louis),0,Whitfield,2
2015-09-08,Glendale,2,Willard,1
2015-09-08,Otterville,1,Windsor,2
2015-09-08,Perryville,2,Windsor (Imperial),0
2015-09-08,Liberty (Wentzville),0,Winfield,2
2015-09-08,Raytown South,0,Winnetonka,2
2015-09-08,Eminence,1,Winona,2
2015-09-08,Oak Ridge,0,Zalma,2
2015-09-09,Oak Ridge,0,Bell City,3
2015-09-09,Clayton,2,Brentwood,0
2015-09-09,Normandy Collaborative,0,Cardinal Ritter,2
2015-09-09,Lincoln College Prep,2,Central (Kansas City),0
2015-09-09,St. Charles,2,Central (St. Joseph),0
2015-09-09,Ste. Genevieve,2,DeSoto,0
2015-09-09,Cor Jesu Academy,2,Eureka,0
2015-09-09,St. Pius X (Festus),2,Farmington,0
2015-09-09,Battle,2,Father Tolton,0
2015-09-09,Ft. Zumwalt South,2,Ft. Zumwalt East,1
2015-09-09,Benton,2,Harrisonville,0
2015-09-09,Incarnate Word Academy,2,Hazelwood Central,0
2015-09-09,Chilhowee,2,Kingsville,0
2015-09-09,Kirkwood,0,Lafayette (Wildwood),2
2015-09-09,Chillicothe,1,Lafayette County,2
2015-09-09,Sherwood,2,Lakeland,0
2015-09-09,Bayless,1,Maplewood-Richmond Hts.,2
2015-09-09,University City,0,Metro,2
2015-09-09,Mehlville,0,Nerinx Hall,2
2015-09-09,Hazelwood East,2,North Technical,0
2015-09-09,St. Teresa's Academy,2,Platte County,0
2015-09-09,St. Joseph's Academy,2,Springfield Catholic,0
2015-09-09,Bishop DuBourg,1,Ursuline Academy,2
2015-09-09,Saxony Lutheran,0,Valle Catholic,2
2015-09-09,Raytown South,2,Versailles,1
2015-09-09,John Burroughs,0,Visitation Academy,2
2015-09-09,MICDS,0,Webster Groves,2
2015-09-09,Notre Dame (St. Louis),0,Westminster Christian Academy,2
2015-09-10,Parkway West,2,Affton,0
2015-09-10,Crest Ridge,1,Archie,2
2015-09-10,Lockwood,0,Ash Grove,2
2015-09-10,Adrian,2,Ballard,0
2015-09-10,Raytown South,0,Belton,2
2015-09-10,Sparta,2,Benton,0
2015-09-10,Dexter,2,Bernie,0
2015-09-10,Crane,2,Billings,0
2015-09-10,Cardinal Ritter,0,Bishop DuBourg,2
2015-09-10,California,0,Blair Oaks,2
2015-09-10,Central (Cape Girardeau),0,Bloomfield,2
2015-09-10,Springfield Catholic,2,Blue Eye,0
2015-09-10,Raymore-Peculiar,1,Blue Springs,2
2015-09-10,Lee's Summit,0,Blue Springs South,2
2015-09-10,Niangua,1,Bradleyville,2
2015-09-10,Logan-Rogersville,1,Branson,2
2015-09-10,Central (Springfield),0,Buffalo,2
2015-09-10,Savannah,2,Cameron,0
2015-09-10,McDonald County,0,Carl Junction,2
2015-09-10,Transportation and Law,0,Carnahan,2
2015-09-10,Marshall,2,Carrollton,0
2015-09-10,Nevada,1,Center,1
2015-09-10,Oran,1,Central (New Madrid County),2
2015-09-10,Webb City,2,Central (Park Hills),1
2015-09-10,Platte County,2,Central (St. Joseph),0
2015-09-10,Cabool,2,Chadwick,0
2015-09-10,Calvary Lutheran,2,Chamois,0
2015-09-10,Bishop LeBlond,2,Chillicothe,0
2015-09-10,Parkway Central,2,Clayton,0
2015-09-10,Puxico,0,Clearwater,2
2015-09-10,Lone Jack,0,Concordia,2
2015-09-10,Holcomb,2,Cooter,1
2015-09-10,St. Clair,2,Cuba,0
2015-09-10,Southwest (Washburn),2,Diamond,1
2015-09-10,Charleston,0,Doniphan,2
2015-09-10,Butler,2,Drexel,1
2015-09-10,Barat Academy,0,Duchesne,2
2015-09-10,Hogan Prep Academy Charter,1,East (Kansas City),2
2015-09-10,Cassville,0,East Newton,2
2015-09-10,Lamar,2,El Dorado Springs,0
2015-09-10,Bunker,0,Eminence,2
2015-09-10,Osage,2,Eugene,1
2015-09-10,Willard,2,Fair Grove,0
2015-09-10,Sarcoxie,0,Father Tolton,2
2015-09-10,Windsor (Imperial),2,Festus,0
2015-09-10,Plato,0,Fordland,2
2015-09-10,Ava,1,Forsyth,2
2015-09-10,Raytown,2,Fort Osage,1
2015-09-10,Northwest (Cedar Hill),2,Fox,0
2015-09-10,Ft. Zumwalt West,0,Francis Howell,2
2015-09-10,Francis Howell Central,2,Francis Howell North,0
2015-09-10,West County,0,Fredericktown,2
2015-09-10,Ft. Zumwalt North,2,Ft. Zumwalt East,1
2015-09-10,Boonville,2,Fulton,1
2015-09-10,Exeter,0,Galena,2
2015-09-10,Waynesville,1,Gateway,2
2015-09-10,Risco,0,Gideon,2
2015-09-10,Pembroke Hill,0,Grain Valley,2
2015-09-10,Kearney,2,Grandview,0
2015-09-10,Golden City,0,Greenfield,2
2015-09-10,Eldon,2,Hallsville,0
2015-09-10,Campbell,2,Hayti,1
2015-09-10,McCluer,2,Hazelwood East,1
2015-09-10,McCluer North,0,Hazelwood West,2
2015-09-10,Grandview (Hillsboro),0,Herculaneum,2
2015-09-10,Parkview,0,Hillcrest,2
2015-09-10,Harrisonville,0,Holden,2
2015-09-10,Aurora,0,Hollister,2
2015-09-10,Washington,1,Holt,2
2015-09-10,Conway,0,Houston,2
2015-09-10,Miami (Amoret),0,Hume,2
2015-09-10,Pattonville,0,Incarnate Word Academy,2
2015-09-10,St. Vincent,0,Jefferson (Festus),2
2015-09-10,Waynesville,2,Jefferson City,0
2015-09-10,Brentwood,2,Jennings,0
2015-09-10,Rolla,1,Joplin,2
2015-09-10,Camdenton,0,Kickapoo,2
2015-09-10,Trenton,1,Kirksville,2
2015-09-10,Maryville,1,Lafayette (St. Joseph),2
2015-09-10,West Plains,0,Lebanon,2
2015-09-10,Lee's Summit West,0,Lee's Summit North,2
2015-09-10,Advance,2,Leopold,0
2015-09-10,Warrenton,2,Liberty (Wentzville),0
2015-09-10,Southeast,0,Lincoln College Prep,2
2015-09-10,Kingsville,0,Lutheran (Kansas City),2
2015-09-10,Lutheran North,0,Lutheran South,2
2015-09-10,Oakville,0,Marquette,2
2015-09-10,Seckman,0,Mehlville,2
2015-09-10,Cleveland NJROTC,0,Metro,2
2015-09-10,Hannibal,2,Mexico,0
2015-09-10,Marionville,2,Miller,0
2015-09-10,Neosho,2,Monett,0
2015-09-10,Winona,2,Mountain Grove,0
2015-09-10,Centralia,0,New Haven,2
2015-09-10,Seneca,2,New Heights Christian,1
2015-09-10,Helias Catholic,1,Nixa,2
2015-09-10,Montgomery County,2,North Callaway,0
2015-09-10,Bismarck,1,North County,2
2015-09-10,Staley,2,North Kansas City,1
2015-09-10,Senath-Hornersville,1,North Pemiscot,2
2015-09-10,Lathrop,0,North Platte,2
2015-09-10,William Chrisman,0,Oak Park,2
2015-09-10,Versailles,0,Odessa,2
2015-09-10,St. Pius X (Kansas City),2,O'Hara,1
2015-09-10,Pleasant Hope,0,Osceola,2
2015-09-10,La Monte,2,Otterville,0
2015-09-10,Fatima,2,Owensville,0
2015-09-10,Liberty (Mountain View),0,Ozark,2
2015-09-10,Park Hill South,2,Park Hill,0
2015-09-10,Eureka,2,Parkway South,0
2015-09-10,Lawson,2,Penney,0
2015-09-10,DeSoto,1,Perryville,1
2015-09-10,Mt. Vernon,2,Pierce City,0
2015-09-10,Mid-Buchanan,2,Plattsburg,0
2015-09-10,Oak Grove,0,Pleasant Hill,2
2015-09-10,Kennett,1,Portageville,2
2015-09-10,Arcadia Valley,2,Potosi,0
2015-09-10,Carthage,2,Reeds Spring,0
2015-09-10,Marshfield,0,Republic,2
2015-09-10,Lakeland,0,Rich Hill,2
2015-09-10,Wellington-Napoleon,2,Richmond,0
2015-09-10,Ladue Horton Watkins,2,Ritenour,1
2015-09-10,Hazelwood Central,2,Riverview Gardens,0
2015-09-10,Savannah,2,Rock Bridge,0
2015-09-10,McKinley Classical Leadership,0,Roosevelt,2
2015-09-10,Ursuline Academy,2,Springfield Catholic,0
2015-09-10,Liberty,2,Ruskin,0
2015-09-10,Licking,2,Salem,0
2015-09-10,Sacred Heart,0,Santa Fe,2
2015-09-10,Poplar Bluff,2,Sikeston,0
2015-09-10,Knob Noster,2,Smithton,0
2015-09-10,Fairfax,1,St. James,2
2015-09-10,Caruthersville,1,Summersville,2
2015-09-10,Hurley,2,Union,0
2015-09-10,Clever,2,Spokane,0
2015-09-10,St. Charles,2,St. Charles West,0
2015-09-10,Notre Dame (St. Louis),0,St. Dominic,2
2015-09-10,Kingston,2,St. Paul Lutheran (Farmington),1
2015-09-10,Bolivar,0,Stockton,2
2015-09-10,Lincoln,0,Willard,2
2015-09-10,Willow Springs,2,Thayer,0
2015-09-10,McAuley Catholic,2,Thomas Jefferson Independent Day,0
2015-09-10,Troy Buchanan,0,Timberland,2
2015-09-10,John F. Kennedy,0,Trinity Catholic,2
2015-09-10,Malden,2,St. Clair,0
2015-09-10,Bourbon,0,Tarkio,2
2015-09-10,Marquand-Zion,0,Valley,3
2015-09-10,Wright City,2,Valley Park,0
2015-09-10,Lutheran St. Charles,2,Veritas Christian Academy,0
2015-09-10,Jasper,2,Verona,0
2015-09-10,Belle,0,Viburnum,2
2015-09-10,John Burroughs,0,Visitation Academy,2
2015-09-10,Clinton,0,Warrensburg,2
2015-09-10,Skyline,2,Warsaw,0
2015-09-10,Lexington,2,Wentworth Military Academy,0
2015-09-10,East Buchanan,0,West Platte,2
2015-09-10,Sarcoxie,0,Wheaton,2
2015-09-10,Orchard Farm,0,Winfield,2
2015-09-10,South Iron,0,Winona,2
2015-09-10,Zalma,0,Woodland,2
2015-09-11,Clarkton,0,Advance,2
2015-09-11,Eminence,2,Advance,0
2015-09-11,New Haven,2,Bell City,0
2015-09-11,Oak Ridge,0,Bell City,2
2015-09-11,Central (Park Hills),0,Bernie,2
2015-09-11,Central (New Madrid County),0,Bernie,2
2015-09-11,Lutheran South,2,Bishop DuBourg,1
2015-09-11,New Haven,2,Bismarck,0
2015-09-11,Central (Cape Girardeau),0,Bismarck,2
2015-09-11,Gideon,0,Bloomfield,2
2015-09-11,Hancock,1,Brentwood,2
2015-09-11,Saxony Lutheran,2,Caruthersville,0
2015-09-11,Campbell,2,Caruthersville,0
2015-09-11,Kennett,1,Central (New Madrid County),1
2015-09-11,Summersville,0,Central (Park Hills),2
2015-09-11,Portageville,1,Clearwater,1
2015-09-11,Eminence,2,Clearwater,0
2015-09-11,Ellington,1,Cooter,1
2015-09-11,Meadow Heights,1,Cooter,1
2015-09-11,Jackson,1,Dexter,1
2015-09-11,Calvary Lutheran,0,Dexter,2
2015-09-11,New Haven,2,Eminence,0
2015-09-11,Chadwick,2,Everton,0
2015-09-11,Spokane,0,Fordland,2
2015-09-11,Oran,0,Gideon,2
2015-09-11,Puxico,0,Greenville,2
2015-09-11,Richland (Essex),0,Greenville,2
2015-09-11,University City,0,Hazelwood East,2
2015-09-11,Jefferson (Festus),2,Holcomb,0
2015-09-11,Richland (Essex),0,Holcomb,2
2015-09-11,Malden,0,Jackson,2
2015-09-11,Lesterville,2,Leopold,0
2015-09-11,Saxony Lutheran,2,Lesterville,0
2015-09-11,Wright City,1,Licking,2
2015-09-11,Seneca,0,Malden,2
2015-09-11,Seneca,2,Marquand-Zion,0
2015-09-11,Calvary Lutheran,2,Marquand-Zion,0
2015-09-11,Notre Dame (Cape Girardeau),2,Meadow Heights,0
2015-09-11,Whitfield,2,MICDS,1
2015-09-11,McCluer South-Berkeley,2,Normandy Collaborative,1
2015-09-11,Nerinx Hall,2,Oakville,0
2015-09-11,Zalma,0,Oran,2
2015-09-11,Green Ridge,2,Otterville,0
2015-09-11,Zalma,0,Poplar Bluff,2
2015-09-11,Seckman,2,Poplar Bluff,0
2015-09-11,St. Vincent,2,Puxico,0
2015-09-11,Bunceton,0,Sarcoxie,2
2015-09-11,Hurley,0,School of the Ozarks,2
2015-09-11,Bloomfield,0,Seckman,2
2015-09-11,Central (Cape Girardeau),1,Senath-Hornersville,1
2015-09-11,Oak Ridge,0,Senath-Hornersville,2
2015-09-11,Leopold,2,Sikeston,0
2015-09-11,Campbell,0,Sikeston,2
2015-09-11,Ellington,2,South Iron,0
2015-09-11,Woodland,2,South Iron,0
2015-09-11,Southland,1,Summersville,1
2015-09-11,Kennett,2,Southland,0
2015-09-11,Jefferson (Festus),0,St. Vincent,2
2015-09-11,Bourbon,1,Warsaw,2
2015-09-11,McCluer North,0,Trinity Catholic,2
2015-09-11,Portageville,2,St. Clair,0
2015-09-11,Clarkton,0,St. Clair,2
2015-09-11,Crossroads College Preparatory,2,Valley Park,0
2015-09-11,Notre Dame (Cape Girardeau),2,Woodland,0
2015-09-12,Portageville,0,Advance,2
2015-09-12,Dexter,2,Advance,1
2015-09-12,Lesterville,1,Advance,2
2015-09-12,Versailles,0,Archie,2
2015-09-12,Kingsville,0,Archie,2
2015-09-12,Sherwood,2,Archie,0
2015-09-12,New Heights Christian,0,Ash Grove,2
2015-09-12,Pierce City,1,Ash Grove,1
2015-09-12,Summit Christian Academy,1,Ash Grove,1
2015-09-12,Billings,0,Ash Grove,2
2015-09-12,Fair Grove,2,Ash Grove,0
2015-09-12,Willow Springs,2,Ava,0
2015-09-12,Bunker,1,Ava,2
2015-09-12,Doniphan,0,Ava,2
2015-09-12,Plato,0,Ava,2
2015-09-12,Cabool,2,Ava,0
2015-09-12,Brentwood,2,Bayless,0
2015-09-12,Lutheran North,2,Bayless,0
2015-09-12,Gateway,0,Bayless,2
2015-09-12,Portageville,0,Bell City,2
2015-09-12,Clearwater,2,Bell City,0
2015-09-12,Central (New Madrid County),0,Bell City,2
2015-09-12,Central (Cape Girardeau),1,Bell City,1
2015-09-12,New Haven,2,Belle,0
2015-09-12,New Haven,2,Bernie,0
2015-09-12,Lesterville,0,Bernie,2
2015-09-12,Southland,0,Bernie,2
2015-09-12,Fair Grove,2,Billings,0
2015-09-12,Miller,1,Billings,1
2015-09-12,St. Vincent,2,Bismarck,0
2015-09-12,Oak Ridge,0,Bismarck,2
2015-09-12,Bloomfield,1,Bismarck,2
2015-09-12,West Plains,0,Blair Oaks,2
2015-09-12,Webb City,0,Blair Oaks,2
2015-09-12,Liberty (Mountain View),2,Blair Oaks,0
2015-09-12,Zalma,1,Bloomfield,1
2015-09-12,Eminence,2,Bloomfield,0
2015-09-12,Platte County,0,Blue Springs,2
2015-09-12,Park Hill,0,Blue Springs South,2
2015-09-12,North Kansas City,1,Blue Springs South,1
2015-09-12,St. Pius X (Kansas City),0,Blue Springs South,2
2015-09-12,Notre Dame de Sion,0,Blue Springs South,2
2015-09-12,St. Charles,0,Blue Springs South,2
2015-09-12,Staley,1,Blue Springs South,2
2015-09-12,Winona,1,Bolivar,1
2015-09-12,Lincoln,0,Bolivar,2
2015-09-12,El Dorado Springs,2,Bolivar,0
2015-09-12,Clever,1,Bolivar,1
2015-09-12,Herculaneum,2,Bourbon,0
2015-09-12,Eldon,2,Bowling Green,0
2015-09-12,Versailles,2,Bowling Green,0
2015-09-12,Savannah,2,Bowling Green,0
2015-09-12,Kirksville,1,Bowling Green,1
2015-09-12,Gateway,0,Brentwood,2
2015-09-12,Lutheran North,1,Brentwood,1
2015-09-12,Thomas Jefferson Independent Day,0,Bronaugh,2
2015-09-12,Pleasant Hope,1,Bronaugh,1
2015-09-12,Exeter,2,Bronaugh,1
2015-09-12,Excelsior Springs,2,Brookfield,0
2015-09-12,Stockton,0,Buffalo,2
2015-09-12,Conway,0,Buffalo,2
2015-09-12,Clever,0,Buffalo,2
2015-09-12,El Dorado Springs,0,Buffalo,2
2015-09-12,Winona,2,Buffalo,1
2015-09-12,Willow Springs,2,Bunker,0
2015-09-12,Thayer,0,Bunker,2
2015-09-12,Willow Springs,0,Cabool,2
2015-09-12,Bunker,0,Cabool,2
2015-09-12,Salem,0,Cabool,2
2015-09-12,Thayer,0,Cabool,2
2015-09-12,Willard,1,Camdenton,1
2015-09-12,Central (Springfield),0,Camdenton,2
2015-09-12,Waynesville,2,Camdenton,0
2015-09-12,Joplin,0,Camdenton,2
2015-09-12,Crane,2,Camdenton,0
2015-09-12,Lathrop,0,Cameron,2
2015-09-12,North Platte,2,Cameron,0
2015-09-12,Wellington-Napoleon,2,Cameron,1
2015-09-12,Lesterville,2,Campbell,0
2015-09-12,South Iron,1,Campbell,2
2015-09-12,Seneca,2,Campbell,0
2015-09-12,Lee's Summit West,2,Carl Junction,0
2015-09-12,Kearney,2,Carl Junction,1
2015-09-12,Excelsior Springs,2,Carrollton,0
2015-09-12,Chillicothe,2,Carrollton,0
2015-09-12,Brookfield,0,Carrollton,2
2015-09-12,Ft. Zumwalt North,2,Carrollton,0
2015-09-12,Leopold,2,Caruthersville,0
2015-09-12,St. Clair,1,Caruthersville,1
2015-09-12,Marshall,1,Center,1
2015-09-12,Harrisonville,1,Center,1
2015-09-12,Gideon,2,Central (Cape Girardeau),1
2015-09-12,Puxico,2,Central (Cape Girardeau),1
2015-09-12,Summersville,0,Central (New Madrid County),2
2015-09-12,Calvary Lutheran,2,Central (New Madrid County),1
2015-09-12,Cooter,0,Central (New Madrid County),2
2015-09-12,Kennett,1,Central (Park Hills),1
2015-09-12,Saxony Lutheran,2,Central (Park Hills),0
2015-09-12,Willard,2,Central (Springfield),0
2015-09-12,Marshall,0,Central (St. Joseph),2
2015-09-12,St. Teresa's Academy,2,Central (St. Joseph),0
2015-09-12,Harrisonville,0,Central (St. Joseph),2
2015-09-12,Center,0,Central (St. Joseph),2
2015-09-12,Excelsior Springs,1,Chillicothe,1
2015-09-12,Lawson,2,Chillicothe,1
2015-09-12,Brookfield,0,Chillicothe,2
2015-09-12,Clearwater,2,Clarkton,0
2015-09-12,Holcomb,2,Clarkton,0
2015-09-12,Kennett,0,Clearwater,2
2015-09-12,Puxico,0,Clearwater,2
2015-09-12,Stockton,2,Clever,0
2015-09-12,Conway,1,Clever,1
2015-09-12,Stockton,1,Conway,1
2015-09-12,Lincoln,0,Conway,2
2015-09-12,Leopold,2,Cooter,0
2015-09-12,Woodland,2,Cooter,0
2015-09-12,Sacred Heart,0,Crane,2
2015-09-12,Viburnum,2,Crystal City,0
2015-09-12,Warsaw,1,Crystal City,1
2015-09-12,Cuba,2,Crystal City,0
2015-09-12,Viburnum,1,Cuba,1
2015-09-12,Herculaneum,2,Cuba,1
2015-09-12,Hillsboro,2,DeSoto,0
2015-09-12,St. Clair,0,DeSoto,2
2015-09-12,Webb City,2,DeSoto,1
2015-09-12,Ste. Genevieve,2,DeSoto,0
2015-09-12,Seneca,0,Dexter,2
2015-09-12,Bernie,0,Dexter,2
2015-09-12,Seckman,0,Dexter,2
2015-09-12,Notre Dame (Cape Girardeau),2,Dexter,0
2015-09-12,Willow Springs,2,Doniphan,0
2015-09-12,Plato,0,Doniphan,2
2015-09-12,Lathrop,2,East Buchanan,1
2015-09-12,Mid-Buchanan,2,East Buchanan,0
2015-09-12,Cameron,0,East Buchanan,2
2015-09-12,Orrick,0,East Buchanan,2
2015-09-12,Winona,2,El Dorado Springs,0
2015-09-12,Lincoln,0,El Dorado Springs,2
2015-09-12,Stockton,2,El Dorado Springs,0
2015-09-12,California,0,Eldon,2
2015-09-12,Versailles,1,Eldon,1
2015-09-12,Notre Dame (Cape Girardeau),2,Ellington,0
2015-09-12,Zalma,0,Ellington,2
2015-09-12,New Haven,2,Eminence,0
2015-09-12,St. Vincent,2,Eminence,0
2015-09-12,Saxony Lutheran,1,Eminence,2
2015-09-12,Bishop LeBlond,2,Excelsior Springs,0
2015-09-12,McAuley Catholic,2,Exeter,0
2015-09-12,Thomas Jefferson Independent Day,1,Exeter,2
2015-09-12,Pierce City,0,Fair Grove,2
2015-09-12,Miller,0,Fair Grove,2
2015-09-12,New Heights Christian,0,Fair Grove,2
2015-09-12,Platte County,0,Farmington,2
2015-09-12,Nixa,2,Fatima,0
2015-09-12,Westminster Christian Academy,1,Fatima,1
2015-09-12,Republic,2,Fatima,1
2015-09-12,Summit Christian Academy,2,Fort Osage,0
2015-09-12,Northland Christian,2,Fort Osage,0
2015-09-12,Lutheran South,2,Francis Howell North,0
2015-09-12,Washington,2,Francis Howell North,0
2015-09-12,Hickman,0,Francis Howell North,2
2015-09-12,St. Dominic,1,Francis Howell North,1
2015-09-12,Webb City,1,Fredericktown,1
2015-09-12,Windsor (Imperial),1,Fredericktown,1
2015-09-12,California,2,Fulton,0
2015-09-12,Owensville,0,Fulton,2
2015-09-12,Versailles,2,Fulton,1
2015-09-12,Savannah,2,Fulton,0
2015-09-12,Meadow Heights,0,Gideon,2
2015-09-12,Nixa,2,Glendale,1
2015-09-12,Republic,0,Glendale,2
2015-09-12,Kickapoo,0,Glendale,2
2015-09-12,Marshall,2,Grandview,1
2015-09-12,St. Teresa's Academy,2,Grandview,0
2015-09-12,Herculaneum,2,Grandview (Hillsboro),0
2015-09-12,Bourbon,0,Grandview (Hillsboro),2
2015-09-12,St. James,0,Grandview (Hillsboro),2
2015-09-12,Warsaw,2,Grandview (Hillsboro),1
2015-09-12,Portageville,0,Greenville,2
2015-09-12,Jefferson (Festus),2,Greenville,0
2015-09-12,Marshall,1,Harrisonville,1
2015-09-12,Viburnum,1,Herculaneum,2
2015-09-12,Lutheran South,2,Hickman,0
2015-09-12,Washington,2,Hickman,0
2015-09-12,St. Dominic,2,Hickman,0
2015-09-12,Sacred Heart,0,Hillcrest,2
2015-09-12,Waynesville,2,Hillcrest,0
2015-09-12,Crane,2,Hillcrest,0
2015-09-12,Ste. Genevieve,1,Hillsboro,1
2015-09-12,Arcadia Valley,2,Hillsboro,1
2015-09-12,Lone Jack,2,Hogan Prep Academy Charter,0
2015-09-12,Sherwood,2,Hogan Prep Academy Charter,0
2015-09-12,Oran,0,Holcomb,2
2015-09-12,Seneca,0,Holcomb,2
2015-09-12,Ellington,2,Holcomb,1
2015-09-12,Puxico,1,Holcomb,1
2015-09-12,Marquand-Zion,0,Jackson,2
2015-09-12,Central (Park Hills),0,Jackson,2
2015-09-12,Notre Dame (Cape Girardeau),2,Jackson,0
2015-09-12,Hillcrest,1,Joplin,2
2015-09-12,Willard,2,Joplin,0
2015-09-12,Central (Springfield),1,Joplin,1
2015-09-12,Nixa,2,Kickapoo,0
2015-09-12,Westminster Christian Academy,0,Kickapoo,2
2015-09-12,Fatima,0,Kickapoo,2
2015-09-12,California,2,Kirksville,0
2015-09-12,Versailles,2,Kirksville,0
2015-09-12,Eldon,2,Kirksville,0
2015-09-12,Rock Bridge,2,Ladue Horton Watkins,0
2015-09-12,Webster Groves,2,Ladue Horton Watkins,0
2015-09-12,Parkway Central,2,Ladue Horton Watkins,0
2015-09-12,Northwest (Cedar Hill),2,Ladue Horton Watkins,0
2015-09-12,Kearney,0,Lafayette (Wildwood),2
2015-09-12,Plattsburg,2,Lathrop,1
2015-09-12,Bishop LeBlond,1,Lawson,1
2015-09-12,Richmond,0,Lawson,2
2015-09-12,Penney,0,Lawson,2
2015-09-12,Calvary Lutheran,0,Leopold,2
2015-09-12,Mountain Grove,0,Liberty (Mountain View),2
2015-09-12,Winona,2,Lincoln,0
2015-09-12,Washington,0,Lindbergh,2
2015-09-12,Sherwood,1,Lone Jack,1
2015-09-12,St. Dominic,1,Lutheran South,1
2015-09-12,St. Joseph's Academy,2,Lutheran South,0
2015-09-12,Calvary Lutheran,2,Malden,0
2015-09-12,Kennett,0,Malden,2
2015-09-12,Sikeston,2,Malden,1
2015-09-12,Summersville,2,Marquand-Zion,0
2015-09-12,Rockwood Summit,1,Marquette,1
2015-09-12,Parkway South,0,Marquette,2
2015-09-12,Tarkio,0,Marquette,2
2015-09-12,Northwest (Cedar Hill),2,Marquette,0
2015-09-12,Mehlville,0,Marquette,2
2015-09-12,Parkway Central,1,Marquette,2
2015-09-12,South Iron,0,Meadow Heights,2
2015-09-12,Puxico,0,Meadow Heights,2
2015-09-12,Rockwood Summit,1,Mehlville,1
2015-09-12,Rock Bridge,0,Mehlville,2
2015-09-12,Webster Groves,2,Mehlville,0
2015-09-12,Parkway South,0,Mehlville,2
2015-09-12,Tarkio,0,Mehlville,2
2015-09-12,Orchard Farm,2,Metro,0
2015-09-12,Wright City,2,Metro,0
2015-09-12,Liberty (Wentzville),2,Metro,0
2015-09-12,North Technical,0,Metro,2
2015-09-12,Wellington-Napoleon,2,Mid-Buchanan,1
2015-09-12,Orrick,0,Mid-Buchanan,2
2015-09-12,New Heights Christian,2,Miller,0
2015-09-12,Lutheran North,2,Miller Career Academy,0
2015-09-12,Fair Grove,2,Monett,0
2015-09-12,Billings,2,Monett,0
2015-09-12,Miller,2,Monett,0
2015-09-12,Summit Christian Academy,2,Monett,0
2015-09-12,Wright City,1,Mountain Grove,1
2015-09-12,Woodland,0,New Haven,2
2015-09-12,Summit Christian Academy,2,New Heights Christian,0
2015-09-12,Westminster Christian Academy,0,Nixa,2
2015-09-12,St. Clair,0,North County,2
2015-09-12,Arcadia Valley,1,North County,1
2015-09-12,Ste. Genevieve,2,North County,0
2015-09-12,Raymore-Peculiar,0,North Kansas City,2
2015-09-12,Park Hill,1,North Kansas City,1
2015-09-12,Notre Dame de Sion,2,North Kansas City,0
2015-09-12,St. Pius X (Kansas City),1,North Kansas City,1
2015-09-12,Northland Christian,1,North Kansas City,2
2015-09-12,Orrick,0,North Platte,2
2015-09-12,Plattsburg,1,North Platte,2
2015-09-12,Wellington-Napoleon,1,North Platte,2
2015-09-12,Wright City,2,North Technical,0
2015-09-12,Orchard Farm,2,North Technical,0
2015-09-12,Liberty (Wentzville),2,North Technical,0
2015-09-12,Rock Bridge,0,Northwest (Cedar Hill),2
2015-09-12,Rockwood Summit,0,Northwest (Cedar Hill),2
2015-09-12,Webster Groves,0,Northwest (Cedar Hill),2
2015-09-12,Parkway Central,1,Northwest (Cedar Hill),1
2015-09-12,Saxony Lutheran,0,Notre Dame (Cape Girardeau),2
2015-09-12,St. Vincent,0,Notre Dame (Cape Girardeau),2
2015-09-12,St. Pius X (Kansas City),1,Notre Dame de Sion,1
2015-09-12,Zalma,2,Oak Ridge,1
2015-09-12,Raytown South,0,Odessa,2
2015-09-12,William Chrisman,2,Odessa,0
2015-09-12,Wright City,0,Orchard Farm,2
2015-09-12,Liberty (Wentzville),0,Orchard Farm,2
2015-09-12,Plattsburg,0,Orrick,2
2015-09-12,California,1,Owensville,1
2015-09-12,Savannah,1,Owensville,1
2015-09-12,Eldon,2,Owensville,0
2015-09-12,St. Pius X (Kansas City),1,Park Hill,1
2015-09-12,Notre Dame de Sion,0,Park Hill,2
2015-09-12,Fort Osage,0,Park Hill,2
2015-09-12,Staley,2,Park Hill,0
2015-09-12,Liberty (Mountain View),2,Parkview,0
2015-09-12,Wright City,2,Parkview,0
2015-09-12,Rock Bridge,0,Parkway Central,2
2015-09-12,Webster Groves,0,Parkway Central,2
2015-09-12,Fort Osage,0,Parkway North,2
2015-09-12,Winnetonka,0,Parkway North,2
2015-09-12,Notre Dame de Sion,2,Parkway North,1
2015-09-12,Northland Christian,0,Parkway North,2
2015-09-12,Rockwood Summit,2,Parkway South,0
2015-09-12,Tarkio,1,Parkway South,1
2015-09-12,Washington,1,Parkway West,2
2015-09-12,Lutheran South,0,Parkway West,2
2015-09-12,St. Joseph's Academy,0,Parkway West,2
2015-09-12,St. Dominic,2,Parkway West,1
2015-09-12,Bishop LeBlond,2,Penney,0
2015-09-12,Richmond,2,Penney,0
2015-09-12,Summit Christian Academy,1,Pierce City,1
2015-09-12,New Heights Christian,2,Pierce City,0
2015-09-12,Willow Springs,2,Plato,0
2015-09-12,Thomas Jefferson Independent Day,1,Pleasant Hope,1
2015-09-12,McAuley Catholic,2,Pleasant Hope,1
2015-09-12,Gideon,1,Poplar Bluff,1
2015-09-12,Leopold,1,Poplar Bluff,2
2015-09-12,Bell City,0,Poplar Bluff,2
2015-09-12,Greenville,0,Poplar Bluff,2
2015-09-12,Sikeston,0,Poplar Bluff,2
2015-09-12,Staley,0,Raymore-Peculiar,2
2015-09-12,St. Charles,0,Raymore-Peculiar,2
2015-09-12,Sparta,0,Raymore-Peculiar,2
2015-09-12,Grandview,0,Raytown,2
2015-09-12,St. Teresa's Academy,2,Raytown,0
2015-09-12,William Chrisman,2,Raytown,0
2015-09-12,William Chrisman,2,Raytown South,0
2015-09-12,East (Kansas City),2,Raytown South,0
2015-09-12,Grandview,2,Raytown South,1
2015-09-12,St. Vincent,2,Richland (Essex),0
2015-09-12,Ellington,2,Richland (Essex),0
2015-09-12,Bishop LeBlond,2,Richmond,0
2015-09-12,Tarkio,1,Rockwood Summit,1
2015-09-12,Wright City,1,Rolla,1
2015-09-12,Mountain Grove,1,Rolla,1
2015-09-12,Bunker,2,Salem,0
2015-09-12,Thayer,0,Salem,2
2015-09-12,California,0,Savannah,2
2015-09-12,Versailles,0,Savannah,2
2015-09-12,Eldon,0,Savannah,2
2015-09-12,Southland,0,Seneca,2
2015-09-12,Oran,0,Seckman,2
2015-09-12,New Haven,0,Seckman,2
2015-09-12,Jefferson (Festus),0,Seckman,2
2015-09-12,New Haven,2,Senath-Hornersville,0
2015-09-12,Oran,2,Senath-Hornersville,0
2015-09-12,Saxony Lutheran,2,Sikeston,0
2015-09-12,Gideon,1,Sikeston,2
2015-09-12,Clearwater,1,Sikeston,2
2015-09-12,Staley,1,Sparta,1
2015-09-12,Notre Dame de Sion,2,Sparta,0
2015-09-12,Arcadia Valley,2,St. Clair,0
2015-09-12,St. Joseph's Academy,2,St. Dominic,0
2015-09-12,Bourbon,0,St. James,2
2015-09-12,Herculaneum,2,St. James,0
2015-09-12,Grandview,2,St. James,0
2015-09-12,Cuba,2,St. James,0
2015-09-12,Staley,2,St. Pius X (Kansas City),1
2015-09-12,East (Kansas City),0,St. Teresa's Academy,2
2015-09-12,Windsor (Imperial),0,Ste. Genevieve,2
2015-09-12,Viburnum,1,Warsaw,1
2015-09-12,Cuba,1,Warsaw,1
2015-09-12,Grandview,1,Warsaw,2
2015-09-12,Winona,2,Stockton,0
2015-09-12,Windsor (Imperial),1,Webb City,1
2015-09-12,Mid-Buchanan,2,Trenton,0
2015-09-12,Plattsburg,2,Trenton,0
2015-09-12,Lathrop,2,Trenton,0
2015-09-12,Wellington-Napoleon,2,Trenton,0
2015-09-12,Sparta,0,St. Charles,2
2015-09-12,Staley,2,St. Charles,0
2015-09-12,Winnetonka,0,St. Charles,2
2015-09-12,Summersville,0,St. Clair,2
2015-09-12,Eminence,2,St. Clair,0
2015-09-12,South Iron,0,St. Clair,2
2015-09-12,Ellington,2,St. Clair,0
2015-09-12,Webster Groves,2,Tarkio,0
2015-09-12,Kingsville,1,Versailles,1
2015-09-12,St. Joseph's Academy,2,Washington,1
2015-09-12,Nerinx Hall,1,Washington,2
2015-09-12,St. Dominic,2,Washington,0
2015-09-12,Sacred Heart,0,Waynesville,2
2015-09-12,Willard,2,Waynesville,0
2015-09-12,Crane,0,Waynesville,2
2015-09-12,West Plains,2,Webb City,0
2015-09-12,Rock Bridge,0,Webster Groves,2
2015-09-12,Liberty (Mountain View),2,West Plains,0
2015-09-12,Crane,1,Willard,2
2015-09-12,St. Teresa's Academy,2,William Chrisman,0
2015-09-12,Fort Osage,0,Winnetonka,2
2015-09-12,Northland Christian,1,Winnetonka,1
2015-09-12,Jefferson (Festus),2,Woodland,1
2015-09-12,Liberty (Wentzville),2,Wright City,0
2015-09-14,Crossroads College Preparatory,0,Affton,2
2015-09-14,Clearwater,0,Arcadia Valley,2
2015-09-14,Mt. Vernon,2,Ash Grove,0
2015-09-14,O'Hara,0,Belton,2
2015-09-14,Lathrop,0,Bishop LeBlond,2
2015-09-14,Southwest (Washburn),2,Blue Eye,0
2015-09-14,Hume,2,Bronaugh,0
2015-09-14,Osage,0,Buffalo,2
2015-09-14,Willard,0,Bunceton,2
2015-09-14,Wright City,0,Cabool,2
2015-09-14,Centralia,0,California,2
2015-09-14,Missouri School for the Deaf,0,Calvary Lutheran,2
2015-09-14,North Pemiscot,1,Campbell,2
2015-09-14,East Newton,0,Carthage,2
2015-09-14,McDonald County,2,Cassville,0
2015-09-14,Southwest Early College,0,Central (Kansas City),2
2015-09-14,Jackson,2,Central (Park Hills),0
2015-09-14,Clarkton,2,Charleston,0
2015-09-14,Benton,1,Chillicothe,2
2015-09-14,Versailles,2,Cole Camp,1
2015-09-14,Kingsville,0,Concordia,2
2015-09-14,Springfield Catholic,2,Conway,0
2015-09-14,Monett,0,Crane,2
2015-09-14,Woodland,0,Dexter,2
2015-09-14,Boonville,2,Eldon,0
2015-09-14,Linn,2,Eugene,0
2015-09-14,Rock Bridge,0,Fatima,2
2015-09-14,Grandview,0,Fort Osage,2
2015-09-14,St. Dominic,2,Francis Howell Central,1
2015-09-14,Crystal City,0,Fredericktown,2
2015-09-14,Mexico,0,Fulton,2
2015-09-14,Senath-Hornersville,0,Gideon,2
2015-09-14,Cooter,2,Hayti,0
2015-09-14,Hermann,2,Hickman,0
2015-09-14,Villa Duchesne,2,Incarnate Word Academy,0
2015-09-14,Everton,0,Jasper,2
2015-09-14,West County,0,Jefferson (Festus),2
2015-09-14,Lebanon,2,Jefferson City,0
2015-09-14,Francis Howell North,0,Kirkwood,2
2015-09-14,Oak Grove,2,Knob Noster,0
2015-09-14,Adrian,2,Lamar,0
2015-09-14,Meadow Heights,1,Leopold,2
2015-09-14,McAuley Catholic,0,Liberal,2
2015-09-14,Staley,2,Liberty,0
2015-09-14,Otterville,1,Lincoln,2
2015-09-14,Bayless,0,Lutheran North,2
2015-09-14,Zalma,2,Marquand-Zion,0
2015-09-14,Winona,2,Marshfield,1
2015-09-14,Jennings,0,McCluer,2
2015-09-14,Cardinal Ritter,0,McCluer South-Berkeley,2
2015-09-14,North Technical,0,Metro,2
2015-09-14,East (Kansas City),0,Metro,2
2015-09-14,University City,0,Miller Career Academy,2
2015-09-14,Owensville,2,Montgomery County,0
2015-09-14,St. Joseph's Academy,2,New Haven,1
2015-09-14,McCluer North,2,North Technical,0
2015-09-14,Wentworth Military Academy,0,Northwest (Hughesville),2
2015-09-14,Advance,0,Notre Dame (Cape Girardeau),2
2015-09-14,Saxony Lutheran,2,Oak Ridge,0
2015-09-14,Lexington,1,Orrick,2
2015-09-14,Green Ridge,0,Osceola,2
2015-09-14,Hermann,2,Pacific,0
2015-09-14,Lee's Summit North,2,Park Hill,0
2015-09-14,Oak Park,0,Park Hill South,2
2015-09-14,Hillsboro,1,Perryville,2
2015-09-14,Marionville,0,Pierce City,2
2015-09-14,Dixon,0,Plato,2
2015-09-14,Bernie,2,Poplar Bluff,0
2015-09-14,Bell City,3,Puxico,2
2015-09-14,Lawson,2,Richmond,0
2015-09-14,Malden,2,Risco,0
2015-09-14,Trinity Catholic,2,Springfield Catholic,0
2015-09-14,North Callaway,2,Sarcoxie,1
2015-09-14,Neosho,0,Seneca,2
2015-09-14,Bloomfield,2,Sikeston,0
2015-09-14,North Platte,2,St. James,0
2015-09-14,Central (New Madrid County),2,Summersville,0
2015-09-14,Camdenton,2,Southern Boone,0
2015-09-14,Chadwick,0,Spokane,2
2015-09-14,Licking,2,St. James,0
2015-09-14,East Buchanan,2,St. Joseph Christian,0
2015-09-14,Pleasant Hill,2,St. Pius X (Kansas City),0
2015-09-14,Valle Catholic,1,St. Vincent,2
2015-09-14,Potosi,1,Webb City,2
2015-09-14,Portageville,2,St. Clair,0
2015-09-14,Cuba,0,Tarkio,2
2015-09-14,Southeast,0,University Academy Charter,2
2015-09-14,Viburnum,2,Valley,0
2015-09-14,Wright City,1,Warrenton,2
2015-09-14,Northland Christian,2,West Platte,0
2015-09-14,Visitation Academy,1,Westminster Christian Academy,2
2015-09-14,Billings,0,Wheaton,2
2015-09-14,Lutheran South,2,Whitfield,0
2015-09-14,Eminence,2,Willow Springs,0
2015-09-14,Blue Springs,2,Winnetonka,0
2015-09-15,Jefferson (Festus),2,Arcadia Valley,1
2015-09-15,Osceola,2,Archie,0
2015-09-15,Skyline,0,Ash Grove,2
2015-09-15,Marshfield,0,Aurora,2
2015-09-15,Thayer,0,Ava,2
2015-09-15,Chilhowee,2,Ballard,0
2015-09-15,Lakeland,2,Ballard,0
2015-09-15,University Academy Charter,0,Barstow,3
2015-09-15,Jefferson City,2,Battle,0
2015-09-15,Linn,2,Belle,0
2015-09-15,Pembroke Hill,2,Benton,1
2015-09-15,Lesterville,0,Bismarck,2
2015-09-15,El Dorado Springs,0,Bolivar,2
2015-09-15,Hannibal,2,Boonville,1
2015-09-15,Bayless,1,Brentwood,2
2015-09-15,Summit Christian Academy,3,Butler,0
2015-09-15,Houston,1,Cabool,2
2015-09-15,Otterville,0,Calvary Lutheran,2
2015-09-15,Chillicothe,2,Cameron,0
2015-09-15,Summersville,2,Campbell,0
2015-09-15,Lafayette County,2,Carrollton,1
2015-09-15,Reeds Spring,2,Cassville,1
2015-09-15,Woodland,2,Central (Cape Girardeau),0
2015-09-15,Cristo Rey,2,Central (Kansas City),1
2015-09-15,Waynesville,2,Central (Springfield),1
2015-09-15,Blair Oaks,2,Centralia,0
2015-09-15,McKinley Classical Leadership,2,Cleveland NJROTC,0
2015-09-15,Galena,0,Clever,1
2015-09-15,Nevada,2,Clinton,0
2015-09-15,Northwest (Hughesville),0,Cole Camp,2
2015-09-15,Lutheran (Kansas City),0,Concordia,2
2015-09-15,Union,0,Conway,2
2015-09-15,Hancock,1,Crossroads College Preparatory,2
2015-09-15,Herculaneum,2,Crystal City,1
2015-09-15,Valley,0,Ellington,2
2015-09-15,Hallsville,1,Eugene,2
2015-09-15,DeSoto,0,Farmington,2
2015-09-15,Perryville,2,Festus,0
2015-09-15,Oak Park,2,Fort Osage,0
2015-09-15,Eureka,2,Fox,0
2015-09-15,Francis Howell North,0,Francis Howell,2
2015-09-15,Timberland,2,Francis Howell Central,0
2015-09-15,Ft. Zumwalt North,2,Ft. Zumwalt South,1
2015-09-15,Troy Buchanan,0,Ft. Zumwalt West,2
2015-09-15,Metro,2,Gateway,0
2015-09-15,Cooter,0,Gideon,2
2015-09-15,Lockwood,2,Golden City,0
2015-09-15,Winnetonka,2,Grandview,0
2015-09-15,St. Vincent,2,Grandview (Hillsboro),0
2015-09-15,Willard,2,Green Ridge,1
2015-09-15,Miller,2,Greenfield,0
2015-09-15,Oak Ridge,0,Greenville,2
2015-09-15,Grain Valley,2,Harrisonville,0
2015-09-15,Delta (Deering),0,Hayti,2
2015-09-15,Hazelwood West,1,Hazelwood Central,2
2015-09-15,Rolla,0,Helias Catholic,2
2015-09-15,Branson,2,Hillcrest,1
2015-09-15,Knob Noster,0,Holden,2
2015-09-15,Sikeston,0,Jackson,2
2015-09-15,John F. Kennedy,0,John Burroughs,2
2015-09-15,Platte County,1,Kearney,2
2015-09-15,Ozark,2,Kickapoo,0
2015-09-15,Smithton,0,La Monte,2
2015-09-15,Mid-Buchanan,0,Lafayette (St. Joseph),2
2015-09-15,Chilhowee,1,Lakeland,2
2015-09-15,Orrick,2,Lawson,0
2015-09-15,Willard,2,Lebanon,0
2015-09-15,Blue Springs South,0,Lee's Summit North,2
2015-09-15,Richmond,0,Lexington,2
2015-09-15,Diamond,0,Liberal,2
2015-09-15,Central (St. Joseph),0,Liberty,2
2015-09-15,Salem,0,Liberty (Mountain View),2
2015-09-15,St. Charles West,0,Liberty (Wentzville),2
2015-09-15,William Chrisman,1,Liberty North,2
2015-09-15,Sacred Heart,2,Lincoln,0
2015-09-15,Metro,2,Lincoln College Prep,0
2015-09-15,Glendale,2,Logan-Rogersville,0
2015-09-15,Holcomb,1,Malden,2
2015-09-15,Hollister,2,Marionville,1
2015-09-15,Mehlville,0,Marquette,2
2015-09-15,Rock Port,0,Maryville,2
2015-09-15,Riverview Gardens,1,McCluer,2
2015-09-15,Hazelwood East,0,McCluer North,2
2015-09-15,Neosho,0,McDonald County,2
2015-09-15,Kirksville,2,Mexico,0
2015-09-15,Lone Jack,2,Miami (Amoret),0
2015-09-15,Villa Duchesne,2,MICDS,0
2015-09-15,Adrian,2,Midway,1
2015-09-15,Father Tolton,2,Montgomery County,0
2015-09-15,Owensville,0,New Haven,2
2015-09-15,West Platte,0,Nodaway-Holt,2
2015-09-15,Raytown South,0,North Kansas City,2
2015-09-15,East (Kansas City),2,Northeast (Kansas City),1
2015-09-15,Lafayette (Wildwood),2,Northwest (Cedar Hill),1
2015-09-15,Lindbergh,2,Oakville,0
2015-09-15,Excelsior Springs,1,Odessa,2
2015-09-15,Savannah,1,O'Hara,1
2015-09-15,Seneca,1,Oran,2
2015-09-15,Sarcoxie,0,Osage,2
2015-09-15,Republic,2,Parkview,0
2015-09-15,Pattonville,1,Parkway North,2
2015-09-15,Trenton,2,Penney,0
2015-09-15,New Heights Christian,0,Pierce City,2
2015-09-15,Winona,2,Pleasant Hope,0
2015-09-15,Notre Dame (Cape Girardeau),2,Poplar Bluff,0
2015-09-15,Caruthersville,0,Portageville,2
2015-09-15,Maplewood-Richmond Hts.,0,Principia,2
2015-09-15,Exeter,0,Purdy,2
2015-09-15,Lee's Summit,2,Raymore-Peculiar,0
2015-09-15,Staley,2,Raytown,0
2015-09-15,Drexel,0,Rich Hill,2
2015-09-15,Dexter,2,Richland (Essex),0
2015-09-15,Kirkwood,2,Ritenour,0
2015-09-15,Crest Ridge,0,Santa Fe,2
2015-09-15,Jasper,2,Sarcoxie,0
2015-09-15,Fordland,0,School of the Ozarks,2
2015-09-15,Parkway South,0,Seckman,2
2015-09-15,Crane,2,Seneca,0
2015-09-15,Bishop LeBlond,0,Sparta,2
2015-09-15,Plattsburg,2,St. James,1
2015-09-15,Southwest Early College,0,Southeast,2
2015-09-15,Risco,2,Southland,0
2015-09-15,Fair Grove,2,Springfield Catholic,0
2015-09-15,Orchard Farm,1,St. Charles,2
2015-09-15,Pacific,1,St. Clair,2
2015-09-15,Hermann,2,St. James,0
2015-09-15,Hickman,2,St. Paul Lutheran (Concordia),1
2015-09-15,Warrensburg,0,St. Pius X (Kansas City),2
2015-09-15,St. Pius X (Festus),2,Ste. Genevieve,0
2015-09-15,Kingston,0,Warsaw,2
2015-09-15,St. Clair,1,Webb City,2
2015-09-15,Waynesville,2,West Plains,0
2015-09-15,Duchesne,2,Trinity Catholic,1
2015-09-15,Ruskin,0,St. Charles,2
2015-09-15,Charleston,0,St. Clair,2
2015-09-15,Webb City,0,Tarkio,2
2015-09-15,Jennings,0,University City,2
2015-09-15,Parkway West,1,Ursuline Academy,2
2015-09-15,Fredericktown,0,Valle Catholic,2
2015-09-15,Center,2,Versailles,0
2015-09-15,Southwest (Washburn),1,Verona,2
2015-09-15,Southern Boone,0,Versailles,2
2015-09-15,North County,2,Viburnum,0
2015-09-15,Lutheran St. Charles,2,Visitation Academy,0
2015-09-15,Winfield,2,Warrenton,0
2015-09-15,Ft. Zumwalt East,1,Washington,2
2015-09-15,Joplin,1,Webb City,2
2015-09-15,Rockwood Summit,0,Webster Groves,2
2015-09-15,East Newton,0,Wheaton,2
2015-09-15,Mountain Grove,2,Willow Springs,1
2015-09-15,Tipton,1,Windsor,2
2015-09-15,Hillsboro,2,Windsor (Imperial),1
2015-09-15,Wright City,0,Winona,2
2015-09-16,Central (Springfield),0,Camdenton,2
2015-09-16,Whitfield,2,Clayton,0
2015-09-16,Lafayette (Wildwood),2,Cor Jesu Academy,0
2015-09-16,St. Dominic,0,Cor Jesu Academy,2
2015-09-16,Herculaneum,2,Crystal City,1
2015-09-16,Villa Duchesne,2,Eureka,0
2015-09-16,Parkway West,1,Eureka,1
2015-09-16,Kirkwood,2,Eureka,0
2015-09-16,St. Joseph's Academy,2,Francis Howell,0
2015-09-16,North Pemiscot,2,Hayti,1
2015-09-16,Ritenour,0,Hazelwood Central,2
2015-09-16,Lutheran North,0,Hazelwood East,2
2015-09-16,Miller Career Academy,0,Jennings,2
2015-09-16,Brentwood,0,John F. Kennedy,2
2015-09-16,Holcomb,2,Kennett,1
2015-09-16,Nixa,2,Kickapoo,0
2015-09-16,Villa Duchesne,2,Kirkwood,0
2015-09-16,Parkway West,1,Kirkwood,1
2015-09-16,Lee's Summit West,2,Lee's Summit,1
2015-09-16,Westminster Christian Academy,0,Lutheran South,2
2015-09-16,St. Charles,0,Lutheran St. Charles,2
2015-09-16,Cardinal Ritter,0,McCluer South-Berkeley,2
2015-09-16,Affton,0,Notre Dame (St. Louis),2
2015-09-16,Parkway South,0,Oakville,2
2015-09-16,Cor Jesu Academy,2,Oakville,0
2015-09-16,St. Dominic,2,Oakville,0
2015-09-16,Meadow Heights,1,Oran,2
2015-09-16,Wright City,0,Orchard Farm,2
2015-09-16,St. Dominic,2,Parkway South,0
2015-09-16,Cor Jesu Academy,2,Parkway South,0
2015-09-16,Villa Duchesne,1,Parkway West,1
2015-09-16,Hazelwood West,0,Pattonville,2
2015-09-16,Lift for Life Academy Charter,2,Roosevelt,0
2015-09-16,Park Hill South,2,Ruskin,0
2015-09-16,Central (Cape Girardeau),2,Seneca,0
2015-09-16,Liberty North,0,Sparta,2
2015-09-16,Ft. Zumwalt North,2,St. Charles West,0
2015-09-16,Notre Dame de Sion,1,St. Teresa's Academy,2
2015-09-16,Saxony Lutheran,0,Ste. Genevieve,2
2015-09-16,Ladue Horton Watkins,2,University City,0
2015-09-16,Cleveland NJROTC,0,Valley Park,2
2015-09-16,Potosi,0,West County,2
2015-09-17,South Iron,0,Arcadia Valley,2
2015-09-17,Butler,2,Archie,1
2015-09-17,Carthage,2,Aurora,0
2015-09-17,Cuba,2,Belle,0
2015-09-17,Kearney,2,Belton,0
2015-09-17,Puxico,0,Bernie,2
2015-09-17,Union,0,Billings,2
2015-09-17,Nerinx Hall,1,Bishop DuBourg,1
2015-09-17,Duchesne,1,Bishop DuBourg,1
2015-09-17,Hallsville,0,Blair Oaks,2
2015-09-17,Clever,2,Blue Eye,0
2015-09-17,Lee's Summit North,0,Blue Springs,2
2015-09-17,Lee's Summit West,0,Blue Springs South,2
2015-09-17,Marshall,0,Boonville,2
2015-09-17,Mexico,2,Bowling Green,1
2015-09-17,Jasper,2,Bronaugh,0
2015-09-17,Stockton,1,Buffalo,2
2015-09-17,Eugene,0,California,2
2015-09-17,Bunceton,0,Calvary Lutheran,2
2015-09-17,Crossroads College Preparatory,2,Cardinal Ritter,0
2015-09-17,Ozark,2,Carl Junction,0
2015-09-17,Holcomb,2,Caruthersville,0
2015-09-17,St. Pius X (Kansas City),2,Center,0
2015-09-17,University Academy Charter,2,Central (Kansas City),0
2015-09-17,Summersville,0,Central (New Madrid County),2
2015-09-17,Charleston,0,Central (New Madrid County),2
2015-09-17,North Pemiscot,2,Central (New Madrid County),0
2015-09-17,Bismarck,2,Central (Park Hills),0
2015-09-17,Park Hill,2,Central (St. Joseph),0
2015-09-17,Bradleyville,0,Chadwick,2
2015-09-17,Missouri School for the Deaf,0,Chamois,3
2015-09-17,Summersville,2,Charleston,0
2015-09-17,North Pemiscot,1,Charleston,1
2015-09-17,Otterville,0,Chilhowee,2
2015-09-17,Maplewood-Richmond Hts.,1,Clayton,2
2015-09-17,Miller Career Academy,2,Cleveland NJROTC,0
2015-09-17,Transportation and Law,1,Collegiate School of Med-Bio Science,0
2015-09-17,Crest Ridge,0,Concordia,2
2015-09-17,Lafayette (Wildwood),2,Cor Jesu Academy,0
2015-09-17,Galena,0,Crane,2
2015-09-17,Portageville,2,Delta (Deering),0
2015-09-17,Risco,2,Delta (Deering),0
2015-09-17,Festus,2,DeSoto,1
2015-09-17,Bell City,0,Dexter,2
2015-09-17,Conway,2,Dixon,0
2015-09-17,Greenville,2,Doniphan,0
2015-09-17,Nerinx Hall,1,Duchesne,1
2015-09-17,Cristo Rey,2,East (Kansas City),0
2015-09-17,Mid-Buchanan,2,East Buchanan,1
2015-09-17,Webb City,2,East Newton,0
2015-09-17,Oak Grove,2,Excelsior Springs,1
2015-09-17,Miller,0,Fair Grove,2
2015-09-17,Seckman,0,Farmington,2
2015-09-17,Washington,0,Francis Howell,2
2015-09-17,Springfield Catholic,0,Francis Howell,2
2015-09-17,Lutheran South,0,Francis Howell,2
2015-09-17,Lindbergh,0,Francis Howell,2
2015-09-17,Parkway North,2,Francis Howell North,0
2015-09-17,Ft. Zumwalt South,0,Ft. Zumwalt West,2
2015-09-17,McKinley Classical Leadership,0,Gateway,2
2015-09-17,Camdenton,0,Glendale,2
2015-09-17,Everton,0,Golden City,2
2015-09-17,Crystal City,2,Grandview (Hillsboro),1
2015-09-17,Marionville,2,Greenfield,0
2015-09-17,Kirksville,0,Hannibal,2
2015-09-17,Pleasant Hill,2,Harrisonville,0
2015-09-17,Portageville,1,Hayti,1
2015-09-17,Risco,1,Hayti,1
2015-09-17,Delta (Deering),0,Hayti,2
2015-09-17,McCluer,0,Hazelwood Central,2
2015-09-17,Hazelwood West,2,Hazelwood East,1
2015-09-17,Battle,2,Hickman,1
2015-09-17,Southwest Early College,0,Hogan Prep Academy Charter,2
2015-09-17,Forsyth,0,Hollister,2
2015-09-17,Ava,2,Houston,1
2015-09-17,Herculaneum,1,Jefferson (Festus),2
2015-09-17,Fatima,1,Jefferson City,1
2015-09-17,Notre Dame (St. Louis),2,John Burroughs,1
2015-09-17,St. Dominic,2,John F. Kennedy,0
2015-09-17,Hillcrest,2,Joplin,1
2015-09-17,Poplar Bluff,2,Kennett,1
2015-09-17,West County,2,Kingston,0
2015-09-17,Carrollton,1,Knob Noster,2
2015-09-17,Northwest (Hughesville),2,La Monte,1
2015-09-17,Chillicothe,0,Lafayette (St. Joseph),2
2015-09-17,West Platte,2,Lathrop,0
2015-09-17,Wright City,0,Lesterville,2
2015-09-17,Holden,2,Lexington,0
2015-09-17,Park Hill South,2,Liberty,0
2015-09-17,Raytown,0,Liberty North,2
2015-09-17,Plato,0,Licking,2
2015-09-17,Cole Camp,2,Lincoln,0
2015-09-17,Washington,2,Lindbergh,0
2015-09-17,Lutheran South,2,Lindbergh,0
2015-09-17,Springfield Catholic,0,Lindbergh,2
2015-09-17,Sarcoxie,2,Lockwood,1
2015-09-17,Adrian,2,Lone Jack,0
2015-09-17,Midway,2,Lutheran (Kansas City),1
2015-09-17,Springfield Catholic,0,Lutheran South,2
2015-09-17,St. Charles,0,Lutheran St. Charles,2
2015-09-17,Bishop DuBourg,2,Marquette,0
2015-09-17,Nerinx Hall,1,Marquette,1
2015-09-17,Duchesne,0,Marquette,2
2015-09-17,Perryville,1,Marquette,1
2015-09-17,Cameron,2,Maryville,1
2015-09-17,Purdy,2,McAuley Catholic,0
2015-09-17,Woodland,2,Meadow Heights,0
2015-09-17,Northwest (Cedar Hill),2,Mehlville,0
2015-09-17,Salem,0,Mountain Grove,2
2015-09-17,Diamond,2,Neosho,1
2015-09-17,Tarkio,0,New Haven,2
2015-09-17,McDonald County,2,New Heights Christian,1
2015-09-17,Centralia,2,North Callaway,0
2015-09-17,Valle Catholic,2,North County,0
2015-09-17,Summersville,0,North Pemiscot,2
2015-09-17,Jackson,0,Notre Dame (Cape Girardeau),2
2015-09-17,North Kansas City,0,Oak Park,2
2015-09-17,Grain Valley,2,Odessa,0
2015-09-17,Fulton,2,Osage,0
2015-09-17,St. James,0,Owensville,2
2015-09-17,Hermann,2,Pacific,0
2015-09-17,Rolla,2,Parkview,0
2015-09-17,Webster Groves,1,Parkway Central,2
2015-09-17,Springfield Catholic,1,Parkway South,2
2015-09-17,North Platte,2,Penney,0
2015-09-17,Bishop DuBourg,1,Perryville,1
2015-09-17,Nerinx Hall,2,Perryville,0
2015-09-17,Duchesne,2,Perryville,0
2015-09-17,Grandview,0,Platte County,2
2015-09-17,Lawson,2,Plattsburg,0
2015-09-17,Springfield Catholic,2,Pleasant Hope,0
2015-09-17,Risco,2,Portageville,0
2015-09-17,Lafayette County,2,Richmond,0
2015-09-17,McCluer North,2,Riverview Gardens,0
2015-09-17,St. Paul Lutheran (Concordia),2,Rock Bridge,1
2015-09-17,St. James,2,Rock Port,0
2015-09-17,Green Ridge,2,Sacred Heart,0
2015-09-17,Benton,0,Savannah,2
2015-09-17,Advance,1,Saxony Lutheran,2
2015-09-17,Sikeston,2,Seneca,0
2015-09-17,Osceola,2,Skyline,0
2015-09-17,Nevada,0,Savannah,2
2015-09-17,Windsor,2,Smithton,0
2015-09-17,Roosevelt,0,Soldan International Studies,2
2015-09-17,Cassville,0,Southwest (Washburn),2
2015-09-17,School of the Ozarks,2,Spokane,0
2015-09-17,Ft. Zumwalt North,2,St. Charles West,0
2015-09-17,Raymore-Peculiar,1,St. Teresa's Academy,2
2015-09-17,St. Clair,1,Webb City,2
2015-09-17,Barstow,2,Summit Christian Academy,3
2015-09-17,Metro,2,West Plains,0
2015-09-17,Liberty (Mountain View),2,Thayer,0
2015-09-17,Ft. Zumwalt East,0,Timberland,2
2015-09-17,Willard,2,Tipton,0
2015-09-17,Holt,2,Troy Buchanan,0
2015-09-17,Bunker,2,Valley,0
2015-09-17,St. Joseph's Academy,2,Veritas Christian Academy,0
2015-09-17,Eldon,2,Versailles,0
2015-09-17,Bourbon,0,Viburnum,2
2015-09-17,O'Hara,1,Warrensburg,2
2015-09-17,El Dorado Springs,2,Warsaw,0
2015-09-17,Lutheran South,2,Washington,0
2015-09-17,Springfield Catholic,0,Washington,2
2015-09-17,West Plains,0,Waynesville,2
2015-09-17,Kingsville,1,Wellington-Napoleon,2
2015-09-17,Principia,0,Westminster Christian Academy,2
2015-09-17,Thomas Jefferson Independent Day,0,Wheaton,2
2015-09-17,Fort Osage,2,William Chrisman,1
2015-09-17,Cabool,0,Willow Springs,2
2015-09-17,Fox,2,Windsor (Imperial),0
2015-09-17,Clearwater,0,Winona,2
2015-09-17,Montgomery County,0,Wright City,2
2015-09-17,Leopold,2,Zalma,0
2015-09-18,Valley Park,0,Bayless,2
2015-09-18,Leopold,1,Bell City,3
2015-09-18,Notre Dame (Cape Girardeau),2,Bloomfield,0
2015-09-18,Gideon,2,Campbell,0
2015-09-18,Richland (Essex),0,Campbell,2
2015-09-18,Holcomb,1,Clarkton,1
2015-09-18,Cooter,0,Clarkton,2
2015-09-18,Holcomb,1,Cooter,1
2015-09-18,Brentwood,2,Crossroads College Preparatory,0
2015-09-18,Billings,0,Fordland,2
2015-09-18,Richland (Essex),0,Gideon,2
2015-09-18,McCluer,0,Lutheran North,2
2015-09-18,Hancock,2,Maplewood-Richmond Hts.,1
2015-09-18,Ellington,2,Marquand-Zion,0
2015-09-18,Plato,2,Niangua,1
2015-09-18,Gideon,2,Senath-Hornersville,0
2015-09-18,Campbell,1,Senath-Hornersville,1
2015-09-18,Richland (Essex),0,Senath-Hornersville,2
2015-09-18,Clarkton,2,St. Clair,0
2015-09-18,Cooter,1,St. Clair,1
2015-09-18,Holcomb,2,St. Clair,0
2015-09-18,MICDS,0,Westminster Christian Academy,2
2015-09-19,Seneca,0,Ash Grove,2
2015-09-19,Skyline,0,Ash Grove,2
2015-09-19,Springfield Catholic,2,Ash Grove,0
2015-09-19,Lockwood,1,Ash Grove,2
2015-09-19,Winona,2,Ash Grove,0
2015-09-19,Osceola,0,Ash Grove,2
2015-09-19,Niangua,0,Ash Grove,2
2015-09-19,Carthage,0,Aurora,2
2015-09-19,New Haven,2,Belle,0
2015-09-19,Winfield,2,Belle,0
2015-09-19,Summit Christian Academy,0,Belton,2
2015-09-19,William Chrisman,0,Belton,2
2015-09-19,Platte County,2,Belton,0
2015-09-19,Northland Christian,2,Belton,0
2015-09-19,Grain Valley,1,Belton,1
2015-09-19,Sparta,2,Benton,0
2015-09-19,Northland Christian,2,Benton,0
2015-09-19,Verona,2,Billings,0
2015-09-19,Blue Eye,1,Billings,1
2015-09-19,Villa Duchesne,2,Bishop DuBourg,1
2015-09-19,Verona,2,Blue Eye,0
2015-09-19,School of the Ozarks,2,Blue Eye,0
2015-09-19,Clinton,0,Boonville,2
2015-09-19,Concordia,2,Boonville,0
2015-09-19,Northwest (Hughesville),0,Boonville,2
2015-09-19,Oak Grove,2,Boonville,1
2015-09-19,Knob Noster,0,Boonville,2
2015-09-19,New Haven,2,Bowling Green,0
2015-09-19,Kirksville,1,Bowling Green,1
2015-09-19,Versailles,2,Bowling Green,0
2015-09-19,Savannah,2,Bowling Green,0
2015-09-19,Winfield,2,Bowling Green,0
2015-09-19,Belle,2,Bowling Green,0
2015-09-19,Galena,2,Bradleyville,0
2015-09-19,Verona,2,Bradleyville,0
2015-09-19,Hallsville,2,Brookfield,0
2015-09-19,Father Tolton,2,Brookfield,0
2015-09-19,West County,1,Bunker,1
2015-09-19,Greenville,2,Bunker,0
2015-09-19,South Iron,1,Bunker,1
2015-09-19,Sacred Heart,0,Camdenton,2
2015-09-19,Warrensburg,1,Camdenton,1
2015-09-19,Reeds Spring,0,Camdenton,2
2015-09-19,Kearney,2,Camdenton,1
2015-09-19,Battle,0,Camdenton,2
2015-09-19,Nevada,0,Carthage,2
2015-09-19,Gideon,0,Central (New Madrid County),2
2015-09-19,Risco,1,Central (New Madrid County),2
2015-09-19,Clarkton,2,Central (New Madrid County),0
2015-09-19,North Callaway,0,Centralia,2
2015-09-19,Tipton,0,Centralia,2
2015-09-19,Father Tolton,2,Centralia,0
2015-09-19,Portageville,1,Clarkton,2
2015-09-19,Ft. Zumwalt West,2,Clayton,0
2015-09-19,Fox,2,Clayton,0
2015-09-19,Festus,2,Clayton,0
2015-09-19,Herculaneum,2,Clayton,0
2015-09-19,Ellington,0,Clearwater,2
2015-09-19,Greenville,1,Clearwater,2
2015-09-19,West County,2,Clearwater,0
2015-09-19,Concordia,2,Clinton,0
2015-09-19,Northwest (Hughesville),1,Clinton,1
2015-09-19,Battle,2,Cole Camp,0
2015-09-19,Kearney,2,Cole Camp,0
2015-09-19,Northwest (Hughesville),0,Concordia,2
2015-09-19,Winona,2,Conway,0
2015-09-19,Lutheran South,1,Cor Jesu Academy,2
2015-09-19,Duchesne,0,Cor Jesu Academy,2
2015-09-19,Villa Duchesne,2,Cor Jesu Academy,0
2015-09-19,Northwest (Hughesville),2,Crest Ridge,0
2015-09-19,Oak Grove,1,Crest Ridge,1
2015-09-19,Knob Noster,1,Crest Ridge,1
2015-09-19,La Monte,0,Crest Ridge,2
2015-09-19,McAuley Catholic,2,Diamond,0
2015-09-19,Jasper,2,Diamond,0
2015-09-19,Clearwater,1,Doniphan,1
2015-09-19,Ellington,2,Doniphan,0
2015-09-19,Kingston,1,Doniphan,1
2015-09-19,Spokane,1,East Newton,1
2015-09-19,Osceola,2,East Newton,0
2015-09-19,Union,0,East Newton,2
2015-09-19,Skyline,0,East Newton,2
2015-09-19,Seneca,1,East Newton,2
2015-09-19,Nerinx Hall,1,Eureka,2
2015-09-19,Villa Duchesne,2,Eureka,0
2015-09-19,Perryville,0,Eureka,2
2015-09-19,St. Dominic,0,Eureka,2
2015-09-19,Niangua,2,Everton,0
2015-09-19,Southwest (Washburn),1,Exeter,1
2015-09-19,Sarcoxie,2,Exeter,0
2015-09-19,Nodaway-Holt,2,Fairfax,0
2015-09-19,St. Joseph Christian,2,Fairfax,1
2015-09-19,Lesterville,1,Festus,1
2015-09-19,St. Clair,2,Festus,0
2015-09-19,Parkway North,1,Festus,1
2015-09-19,Warrenton,0,Festus,2
2015-09-19,Herculaneum,0,Festus,2
2015-09-19,Herculaneum,0,Fox,2
2015-09-19,St. Clair,0,Fox,2
2015-09-19,Hillsboro,2,Fox,0
2015-09-19,Parkway South,0,Francis Howell,2
2015-09-19,Marquette,0,Francis Howell,2
2015-09-19,Cor Jesu Academy,2,Francis Howell,1
2015-09-19,Veritas Christian Academy,0,Ft. Zumwalt East,2
2015-09-19,Valle Catholic,2,Ft. Zumwalt South,0
2015-09-19,Troy Buchanan,2,Ft. Zumwalt South,0
2015-09-19,St. Charles,2,Ft. Zumwalt South,1
2015-09-19,Hazelwood West,0,Ft. Zumwalt South,2
2015-09-19,Herculaneum,0,Ft. Zumwalt West,2
2015-09-19,Fox,0,Ft. Zumwalt West,2
2015-09-19,Parkway North,0,Ft. Zumwalt West,2
2015-09-19,Hillsboro,0,Ft. Zumwalt West,2
2015-09-19,Southwest (Washburn),2,Golden City,0
2015-09-19,Sarcoxie,2,Golden City,0
2015-09-19,Exeter,1,Golden City,1
2015-09-19,Summit Christian Academy,1,Grain Valley,1
2015-09-19,Sparta,0,Grain Valley,2
2015-09-19,Northland Christian,2,Grain Valley,0
2015-09-19,Southwest (Washburn),2,Greenfield,0
2015-09-19,Golden City,0,Greenfield,2
2015-09-19,Sarcoxie,1,Greenfield,1
2015-09-19,Exeter,0,Greenfield,2
2015-09-19,South Iron,0,Greenville,2
2015-09-19,West County,2,Greenville,0
2015-09-19,Tipton,2,Hallsville,0
2015-09-19,Father Tolton,2,Hallsville,0
2015-09-19,McCluer,1,Hazelwood East,2
2015-09-19,Jennings,0,Hazelwood East,2
2015-09-19,University City,0,Hazelwood East,2
2015-09-19,Liberty (Wentzville),2,Hazelwood East,0
2015-09-19,Riverview Gardens,0,Hazelwood East,2
2015-09-19,Valle Catholic,2,Hazelwood West,0
2015-09-19,Troy Buchanan,2,Hazelwood West,0
2015-09-19,John F. Kennedy,2,Hazelwood West,1
2015-09-19,Lesterville,0,Herculaneum,2
2015-09-19,Staley,2,Hickman,0
2015-09-19,Marshfield,1,Hickman,1
2015-09-19,Battle,2,Hickman,1
2015-09-19,Seckman,1,Hillsboro,1
2015-09-19,Warrenton,0,Hillsboro,2
2015-09-19,Potosi,0,Hillsboro,2
2015-09-19,Risco,2,Holcomb,1
2015-09-19,McAuley Catholic,1,Jasper,1
2015-09-19,Liberal,0,Jasper,2
2015-09-19,New Heights Christian,2,Jasper,1
2015-09-19,Lee's Summit North,2,Jefferson City,0
2015-09-19,St. Charles,2,Jefferson City,0
2015-09-19,Liberty North,0,Jefferson City,2
2015-09-19,Liberty,2,Jefferson City,1
2015-09-19,O'Hara,0,Jefferson City,2
2015-09-19,McCluer,2,Jennings,0
2015-09-19,Liberty (Wentzville),2,Jennings,0
2015-09-19,Valle Catholic,2,John Burroughs,0
2015-09-19,John F. Kennedy,1,John Burroughs,2
2015-09-19,Battle,1,Kearney,1
2015-09-19,Staley,2,Kearney,0
2015-09-19,Clearwater,1,Kingston,1
2015-09-19,Ellington,1,Kingston,1
2015-09-19,West County,2,Kingston,0
2015-09-19,Versailles,2,Kirksville,0
2015-09-19,Marshall,2,Kirksville,0
2015-09-19,Santa Fe,2,Kirksville,0
2015-09-19,Lutheran South,2,Kirkwood,0
2015-09-19,Duchesne,2,Kirkwood,0
2015-09-19,Oak Grove,2,Knob Noster,0
2015-09-19,La Monte,0,Knob Noster,2
2015-09-19,St. Joseph's Academy,0,Lafayette (Wildwood),2
2015-09-19,St. Pius X (Festus),2,Lafayette (Wildwood),0
2015-09-19,Marshall,0,Lafayette County,2
2015-09-19,Santa Fe,2,Lafayette County,0
2015-09-19,Savannah,2,Lafayette County,0
2015-09-19,Versailles,2,Lafayette County,0
2015-09-19,Diamond,0,Lamar,2
2015-09-19,Jasper,0,Lamar,2
2015-09-19,McAuley Catholic,0,Lamar,2
2015-09-19,New Heights Christian,2,Lamar,1
2015-09-19,Purdy,0,Lamar,2
2015-09-19,Park Hill South,0,Lee's Summit,2
2015-09-19,Oak Park,1,Lee's Summit,1
2015-09-19,St. Charles,0,Lee's Summit,2
2015-09-19,Raymore-Peculiar,1,Lee's Summit,2
2015-09-19,Winnetonka,0,Lee's Summit,2
2015-09-19,Ozark,2,Lee's Summit,0
2015-09-19,St. Charles,0,Lee's Summit North,2
2015-09-19,O'Hara,0,Lee's Summit North,2
2015-09-19,Pleasant Hill,1,Lee's Summit North,2
2015-09-19,Ozark,2,Lee's Summit North,0
2015-09-19,Park Hill,0,Lee's Summit West,2
2015-09-19,Liberty North,0,Lee's Summit West,2
2015-09-19,Pleasant Hill,1,Lee's Summit West,1
2015-09-19,St. Charles,2,Lee's Summit West,0
2015-09-19,Pierce City,1,Liberal,1
2015-09-19,New Heights Christian,1,Liberal,1
2015-09-19,Rock Bridge,0,Liberty,2
2015-09-19,Raymore-Peculiar,2,Liberty,0
2015-09-19,Park Hill South,2,Liberty,1
2015-09-19,Winnetonka,0,Liberty,2
2015-09-19,Ozark,2,Liberty,0
2015-09-19,Villa Duchesne,2,Lindbergh,1
2015-09-19,Duchesne,1,Lindbergh,2
2015-09-19,Springfield Catholic,0,Lindbergh,2
2015-09-19,Oakville,0,Lindbergh,2
2015-09-19,Washington,0,Lindbergh,2
2015-09-19,Monett,0,Lockwood,2
2015-09-19,Winona,2,Lockwood,0
2015-09-19,Conway,0,Lockwood,2
2015-09-19,Parkway West,0,Marquette,2
2015-09-19,Warrensburg,2,Marshfield,0
2015-09-19,Parkview,0,Marshfield,2
2015-09-19,Cole Camp,1,Marshfield,2
2015-09-19,Staley,2,Marshfield,0
2015-09-19,New Heights Christian,2,McAuley Catholic,0
2015-09-19,Liberty (Wentzville),2,McCluer,0
2015-09-19,Riverview Gardens,0,McCluer,2
2015-09-19,University City,0,McCluer,2
2015-09-19,Trinity Catholic,2,McCluer North,0
2015-09-19,Visitation Academy,2,McCluer North,1
2015-09-19,Parkway Central,2,McCluer North,0
2015-09-19,Lift for Life Academy Charter,0,McCluer South-Berkeley,2
2015-09-19,Normandy Collaborative,0,McCluer South-Berkeley,2
2015-09-19,North Technical,0,McCluer South-Berkeley,2
2015-09-19,Valle Catholic,2,Mehlville,0
2015-09-19,Troy Buchanan,1,Mehlville,2
2015-09-19,St. Charles,1,Mehlville,2
2015-09-19,John Burroughs,0,Mehlville,2
2015-09-19,John F. Kennedy,0,Mehlville,2
2015-09-19,St. Joseph Christian,0,Mid-Buchanan,2
2015-09-19,Nodaway-Holt,0,Mid-Buchanan,2
2015-09-19,Winona,2,Monett,0
2015-09-19,Conway,2,Monett,0
2015-09-19,Winfield,0,New Haven,2
2015-09-19,St. James,0,Nodaway-Holt,2
2015-09-19,North Technical,2,Normandy Collaborative,0
2015-09-19,Lift for Life Academy Charter,0,Normandy Collaborative,2
2015-09-19,North County,2,Normandy Collaborative,0
2015-09-19,Tipton,1,North Callaway,1
2015-09-19,Brookfield,0,North Callaway,2
2015-09-19,Lift for Life Academy Charter,0,North Technical,2
2015-09-19,Rockwood Summit,0,Northwest (Cedar Hill),2
2015-09-19,Concordia,2,Oak Grove,0
2015-09-19,La Monte,0,Oak Grove,2
2015-09-19,Park Hill South,1,Oak Park,1
2015-09-19,Winnetonka,0,Oak Park,2
2015-09-19,Ozark,2,Oak Park,0
2015-09-19,Bishop DuBourg,2,Oakville,0
2015-09-19,Spokane,0,Osceola,2
2015-09-19,Union,0,Osceola,2
2015-09-19,Springfield Catholic,2,Osceola,0
2015-09-19,Rock Bridge,0,Ozark,2
2015-09-19,Raymore-Peculiar,0,Ozark,2
2015-09-19,Pleasant Hill,2,Park Hill,0
2015-09-19,Liberty North,0,Park Hill,2
2015-09-19,Park Hill South,2,Park Hill,0
2015-09-19,O'Hara,1,Park Hill,2
2015-09-19,Winnetonka,0,Park Hill South,2
2015-09-19,Rock Bridge,0,Park Hill South,2
2015-09-19,Cole Camp,2,Parkview,0
2015-09-19,Battle,2,Parkview,0
2015-09-19,Kearney,2,Parkview,0
2015-09-19,Ft. Zumwalt East,1,Parkway Central,2
2015-09-19,Lesterville,0,Parkway North,2
2015-09-19,Seckman,0,Parkway North,2
2015-09-19,St. Clair,0,Parkway North,2
2015-09-19,Springfield Catholic,1,Parkway South,2
2015-09-19,Perryville,2,Parkway South,0
2015-09-19,Perryville,2,Parkway West,1
2015-09-19,Duchesne,2,Perryville,1
2015-09-19,New Heights Christian,1,Pierce City,1
2015-09-19,Sparta,1,Platte County,1
2015-09-19,William Chrisman,0,Platte County,2
2015-09-19,Benton,0,Platte County,2
2015-09-19,Summit Christian Academy,0,Platte County,2
2015-09-19,Grain Valley,2,Platte County,0
2015-09-19,Liberty North,0,Pleasant Hill,2
2015-09-19,Seckman,2,Potosi,0
2015-09-19,Lesterville,2,Potosi,0
2015-09-19,Warrenton,1,Potosi,1
2015-09-19,Pierce City,1,Purdy,1
2015-09-19,Jasper,2,Purdy,0
2015-09-19,New Heights Christian,1,Purdy,1
2015-09-19,Liberal,1,Purdy,1
2015-09-19,Rock Bridge,0,Raymore-Peculiar,2
2015-09-19,Sacred Heart,0,Reeds Spring,2
2015-09-19,Warrensburg,0,Reeds Spring,2
2015-09-19,Kearney,2,Reeds Spring,0
2015-09-19,Liberty (Wentzville),2,Riverview Gardens,0
2015-09-19,St. James,2,Rock Port,1
2015-09-19,St. Joseph Christian,0,Rock Port,2
2015-09-19,Versailles,0,Santa Fe,2
2015-09-19,Southwest (Washburn),1,Sarcoxie,1
2015-09-19,Warrenton,0,Seckman,2
2015-09-19,Clarkton,2,Senath-Hornersville,0
2015-09-19,Risco,2,Senath-Hornersville,0
2015-09-19,North Pemiscot,1,Senath-Hornersville,2
2015-09-19,Springfield Catholic,1,Seneca,1
2015-09-19,Skyline,1,Seneca,1
2015-09-19,Conway,0,Seneca,2
2015-09-19,Springfield Catholic,2,Skyline,0
2015-09-19,Union,0,Skyline,2
2015-09-19,Marshall,0,Savannah,2
2015-09-19,Santa Fe,2,Savannah,0
2015-09-19,Versailles,0,Savannah,2
2015-09-19,West County,2,South Iron,0
2015-09-19,Hickman,2,Southern Boone,0
2015-09-19,Sacred Heart,2,Southern Boone,0
2015-09-19,Marshfield,1,Southern Boone,1
2015-09-19,Staley,2,Southern Boone,0
2015-09-19,Spokane,2,Union,0
2015-09-19,Springfield Catholic,2,Spokane,0
2015-09-19,John Burroughs,2,St. Charles,1
2015-09-19,John F. Kennedy,0,St. Charles,2
2015-09-19,Lesterville,1,St. Clair,1
2015-09-19,St. Pius X (Festus),0,St. Joseph's Academy,2
2015-09-19,Battle,0,Staley,2
2015-09-19,Springfield Catholic,0,Winona,2
2015-09-19,Northland Christian,1,Summit Christian Academy,1
2015-09-19,Ft. Zumwalt East,2,Trinity Catholic,0
2015-09-19,Veritas Christian Academy,2,Trinity Catholic,1
2015-09-19,Valle Catholic,2,Troy Buchanan,0
2015-09-19,O'Hara,0,St. Charles,2
2015-09-19,Liberty (Wentzville),2,University City,0
2015-09-19,School of the Ozarks,2,Verona,0
2015-09-19,Veritas Christian Academy,2,Visitation Academy,0
2015-09-19,Sacred Heart,1,Warrensburg,1
2015-09-19,Nerinx Hall,1,Washington,2
2015-09-19,St. Dominic,2,Washington,0
2015-09-19,Sparta,1,William Chrisman,1
2015-09-19,Benton,1,William Chrisman,1
2015-09-21,Central (Cape Girardeau),0,Bell City,3
2015-09-21,Excelsior Springs,2,Benton,1
2015-09-21,Webb City,2,Bourbon,0
2015-09-21,Sacred Heart,1,California,2
2015-09-21,Holcomb,2,Campbell,0
2015-09-21,Cameron,2,Carrollton,0
2015-09-21,Lincoln College Prep,2,Central (Kansas City),0
2015-09-21,Linn,3,Chamois,2
2015-09-21,Lincoln,2,Chilhowee,1
2015-09-21,Otterville,0,Cole Camp,2
2015-09-21,Wentworth Military Academy,0,Concordia,2
2015-09-21,Clarkton,2,Delta (Deering),0
2015-09-21,Advance,0,Dexter,2
2015-09-21,St. James,2,Dixon,0
2015-09-21,Bishop LeBlond,2,East Buchanan,0
2015-09-21,Liberal,1,El Dorado Springs,2
2015-09-21,Wright City,2,Ellington,0
2015-09-21,Fatima,2,Father Tolton,0
2015-09-21,Forsyth,0,Fordland,2
2015-09-21,Meadow Heights,0,Fredericktown,2
2015-09-21,Winfield,1,Ft. Zumwalt East,2
2015-09-21,Battle,2,Fulton,1
2015-09-21,Southland,0,Gideon,2
2015-09-21,New Heights Christian,2,Golden City,1
2015-09-21,Summersville,2,Hayti,0
2015-09-21,Jennings,0,Hazelwood East,2
2015-09-21,Ste. Genevieve,2,Herculaneum,0
2015-09-21,North County,2,Hillsboro,1
2015-09-21,Eminence,1,Houston,2
2015-09-21,Pleasant Hope,0,Hurley,2
2015-09-21,Ozark,2,Jefferson City,0
2015-09-21,Principia,2,John F. Kennedy,0
2015-09-21,Jackson,2,Kennett,0
2015-09-21,Valley,0,Kingston,2
2015-09-21,Potosi,2,Kingston,0
2015-09-21,Ballard,0,Kingsville,2
2015-09-21,Parkway North,2,Kirkwood,1
2015-09-21,Richmond,0,Knob Noster,2
2015-09-21,John Burroughs,0,Ladue Horton Watkins,2
2015-09-21,St. Joseph Christian,1,Lathrop,2
2015-09-21,St. Teresa's Academy,2,Lee's Summit,1
2015-09-21,Seneca,0,Leopold,2
2015-09-21,Platte County,0,Liberty,2
2015-09-21,Winona,0,Liberty (Mountain View),2
2015-09-21,Villa Duchesne,2,Lutheran North,0
2015-09-21,Crossroads College Preparatory,1,Maplewood-Richmond Hts.,2
2015-09-21,Chillicothe,0,Marshall,2
2015-09-21,Lafayette (St. Joseph),2,Maryville,1
2015-09-21,Aurora,2,McDonald County,0
2015-09-21,Boonville,2,Mexico,0
2015-09-21,Bronaugh,2,Miami (Amoret),1
2015-09-21,Orrick,0,Mid-Buchanan,2
2015-09-21,West Plains,1,Mountain Grove,2
2015-09-21,Central (Springfield),0,Mt. Vernon,2
2015-09-21,St. Joseph's Academy,2,New Haven,0
2015-09-21,McCluer,2,Normandy Collaborative,0
2015-09-21,Hallsville,2,North Callaway,0
2015-09-21,Risco,2,North Pemiscot,0
2015-09-21,Springfield Catholic,2,Notre Dame (St. Louis),0
2015-09-21,O'Hara,1,Notre Dame de Sion,2
2015-09-21,St. Paul Lutheran (Concordia),2,Odessa,0
2015-09-21,Zalma,1,Oran,2
2015-09-21,St. Joseph's Academy,2,Owensville,0
2015-09-21,Tarkio,2,Owensville,0
2015-09-21,New Haven,1,Owensville,1
2015-09-21,Monett,0,Parkview,2
2015-09-21,Fox,2,Parkway South,0
2015-09-21,Farmington,2,Poplar Bluff,0
2015-09-21,Cooter,0,Portageville,2
2015-09-21,Valley,0,Potosi,2
2015-09-21,Diamond,1,Purdy,2
2015-09-21,Bloomfield,2,Puxico,0
2015-09-21,Lamar,2,Rich Hill,0
2015-09-21,Hazelwood West,2,Riverview Gardens,0
2015-09-21,Affton,0,Rockwood Summit,2
2015-09-21,Licking,0,Rolla,2
2015-09-21,Center,2,Ruskin,0
2015-09-21,Calvary Lutheran,2,Sarcoxie,0
2015-09-21,Malden,2,Senath-Hornersville,0
2015-09-21,Charleston,0,Sikeston,2
2015-09-21,Versailles,0,Savannah,2
2015-09-21,Lift for Life Academy Charter,0,Soldan International Studies,2
2015-09-21,Marquand-Zion,0,South Iron,2
2015-09-21,Frontier School of Excellence Charter,0,Southeast,2
2015-09-21,Blair Oaks,2,Southern Boone,0
2015-09-21,Salem,0,St. Clair,2
2015-09-21,Bunker,2,St. Paul Lutheran (Farmington),0
2015-09-21,Notre Dame (Cape Girardeau),2,St. Vincent,0
2015-09-21,Warsaw,0,Willard,2
2015-09-21,Oak Grove,0,Summit Christian Academy,2
2015-09-21,Eugene,2,Tipton,0
2015-09-21,Brookfield,0,Trenton,2
2015-09-21,St. Joseph's Academy,2,Tarkio,0
2015-09-21,New Haven,2,Tarkio,0
2015-09-21,Central (Park Hills),0,West County,2
2015-09-21,Verona,1,Wheaton,2
2015-09-21,Logan-Rogersville,1,Willard,2
2015-09-21,Lakeland,0,Windsor,2
2015-09-21,Oak Ridge,0,Woodland,2
2015-09-21,Veritas Christian Academy,2,Wright City,0
2015-09-22,Warsaw,0,Adrian,2
2015-09-22,Bronaugh,2,Ballard,1
2015-09-22,Hancock,2,Bayless,0
2015-09-22,Viburnum,2,Belle,0
2015-09-22,Lathrop,0,Benton,2
2015-09-22,Malden,1,Bernie,2
2015-09-22,Blue Springs,0,Blue Springs South,2
2015-09-22,Ozark,2,Branson,0
2015-09-22,Penney,2,Brookfield,0
2015-09-22,Logan-Rogersville,2,Buffalo,0
2015-09-22,Richmond,0,Carrollton,2
2015-09-22,Fredericktown,2,Central (Park Hills),0
2015-09-22,Seneca,2,Charleston,0
2015-09-22,Kirksville,0,Chillicothe,2
2015-09-22,Caruthersville,0,Clarkton,2
2015-09-22,Bunker,0,Clearwater,2
2015-09-22,El Dorado Springs,0,Clever,2
2015-09-22,Center,0,Clinton,2
2015-09-22,Ursuline Academy,2,Cor Jesu Academy,1
2015-09-22,Orrick,0,Crest Ridge,2
2015-09-22,Jefferson (Festus),2,Crystal City,0
2015-09-22,St. James,2,Cuba,0
2015-09-22,Windsor (Imperial),2,DeSoto,1
2015-09-22,Sarcoxie,1,Diamond,2
2015-09-22,Archie,1,Drexel,2
2015-09-22,Cardinal Ritter,0,Duchesne,2
2015-09-22,Trenton,0,East Buchanan,2
2015-09-22,Monett,0,East Newton,2
2015-09-22,Dixon,0,Eugene,2
2015-09-22,Northwest (Cedar Hill),0,Eureka,2
2015-09-22,Thomas Jefferson Independent Day,1,Everton,2
2015-09-22,Harrisonville,0,Excelsior Springs,2
2015-09-22,Cassville,2,Forsyth,0
2015-09-22,Liberty North,1,Fort Osage,2
2015-09-22,Timberland,0,Francis Howell,2
2015-09-22,Holt,0,Ft. Zumwalt East,2
2015-09-22,Whitfield,0,Ft. Zumwalt North,2
2015-09-22,Francis Howell North,0,Ft. Zumwalt West,2
2015-09-22,Hannibal,2,Fulton,0
2015-09-22,Miller Career Academy,1,Gateway,2
2015-09-22,Raytown South,1,Grandview,2
2015-09-22,Lincoln,0,Green Ridge,2
2015-09-22,Father Tolton,2,Hallsville,0
2015-09-22,Riverview Gardens,0,Hazelwood East,2
2015-09-22,McCluer,0,Hazelwood West,2
2015-09-22,Hickman,0,Helias Catholic,2
2015-09-22,St. Vincent,2,Herculaneum,0
2015-09-22,Montgomery County,0,Hermann,2
2015-09-22,Pacific,0,Hermann,2
2015-09-22,Washington,2,Hermann,0
2015-09-22,Central (Springfield),2,Hillcrest,1
2015-09-22,Festus,0,Hillsboro,2
2015-09-22,Mid-Buchanan,2,Hogan Prep Academy Charter,0
2015-09-22,Willow Springs,2,Houston,1
2015-09-22,Greenfield,0,Jasper,2
2015-09-22,Camdenton,2,Jefferson City,0
2015-09-22,Springfield Catholic,2,John F. Kennedy,0
2015-09-22,Lebanon,1,Kickapoo,2
2015-09-22,Bismarck,2,Kingston,0
2015-09-22,Lexington,0,Knob Noster,2
2015-09-22,Cole Camp,2,La Monte,0
2015-09-22,Oakville,0,Lafayette (Wildwood),2
2015-09-22,Holden,2,Lafayette County,0
2015-09-22,Raymore-Peculiar,2,Lee's Summit West,0
2015-09-22,Dexter,2,Leopold,0
2015-09-22,Mountain Grove,0,Liberty (Mountain View),2
2015-09-22,Orchard Farm,2,Liberty (Wentzville),0
2015-09-22,East (Kansas City),0,Lincoln College Prep,2
2015-09-22,Liberal,2,Lockwood,1
2015-09-22,Normandy Collaborative,0,Maplewood-Richmond Hts.,2
2015-09-22,Bolivar,0,Marshfield,2
2015-09-22,Hazelwood Central,2,McCluer North,0
2015-09-22,University City,0,McCluer South-Berkeley,2
2015-09-22,Mt. Vernon,2,McDonald County,0
2015-09-22,West Plains,0,McKinley Classical Leadership,2
2015-09-22,Lindbergh,2,Mehlville,1
2015-09-22,Pierce City,2,Miller,0
2015-09-22,Pacific,2,Montgomery County,0
2015-09-22,Washington,2,Montgomery County,0
2015-09-22,Webb City,2,Neosho,1
2015-09-22,St. Pius X (Kansas City),1,Nevada,2
2015-09-22,Ste. Genevieve,1,North County,2
2015-09-22,Jennings,0,North Technical,2
2015-09-22,Southwest Early College,0,Northeast (Kansas City),2
2015-09-22,Windsor,0,Northwest (Hughesville),2
2015-09-22,O'Hara,1,Notre Dame de Sion,2
2015-09-22,Odessa,1,Oak Grove,2
2015-09-22,Sikeston,2,Oran,1
2015-09-22,Midway,2,Osceola,0
2015-09-22,Washington,2,Pacific,0
2015-09-22,Liberty,2,Park Hill,1
2015-09-22,St. Charles,0,Park Hill South,2
2015-09-22,Webster Groves,2,Pattonville,0
2015-09-22,Jackson,1,Perryville,1
2015-09-22,Belton,0,Platte County,2
2015-09-22,Grain Valley,0,Pleasant Hill,2
2015-09-22,Conway,2,Pleasant Hope,1
2015-09-22,Lesterville,1,Poplar Bluff,2
2015-09-22,Central (New Madrid County),1,Portageville,2
2015-09-22,Farmington,2,Potosi,0
2015-09-22,Crane,2,Purdy,0
2015-09-22,North Kansas City,2,Raytown,0
2015-09-22,Hollister,2,Reeds Spring,1
2015-09-22,Carthage,2,Republic,1
2015-09-22,Campbell,0,Richland (Essex),2
2015-09-22,Chamois,2,Sarcoxie,0
2015-09-22,Ava,2,Salem,0
2015-09-22,Central (Cape Girardeau),0,Saxony Lutheran,2
2015-09-22,Marquette,2,Seckman,0
2015-09-22,Hayti,0,Senath-Hornersville,2
2015-09-22,Carl Junction,2,Seneca,0
2015-09-22,Barstow,3,Sherwood,0
2015-09-22,Fair Grove,2,Skyline,0
2015-09-22,Cleveland NJROTC,0,Soldan International Studies,2
2015-09-22,Cooter,0,Summersville,2
2015-09-22,California,2,Southern Boone,0
2015-09-22,Hurley,0,Southwest (Washburn),2
2015-09-22,Blue Eye,2,Union,0
2015-09-22,Springfield Catholic,2,Spokane,0
2015-09-22,Lutheran St. Charles,2,St. Dominic,0
2015-09-22,Grandview (Hillsboro),0,St. Pius X (Festus),2
2015-09-22,William Chrisman,0,Staley,2
2015-09-22,Marionville,0,Stockton,2
2015-09-22,Smithton,0,Willard,2
2015-09-22,Ash Grove,0,Winona,2
2015-09-22,Cabool,2,Thayer,0
2015-09-22,Sacred Heart,2,Tipton,0
2015-09-22,Roosevelt,2,Transportation and Law,1
2015-09-22,Francis Howell Central,2,Troy Buchanan,0
2015-09-22,West County,0,Valle Catholic,2
2015-09-22,Warsaw,2,Valley,1
2015-09-22,Brentwood,2,Valley Park,0
2015-09-22,Summit Christian Academy,3,Versailles,0
2015-09-22,Collegiate School of Med-Bio Science,0,Waynesville,2
2015-09-22,Ft. Zumwalt South,1,Veritas Christian Academy,2
2015-09-22,Billings,2,Verona,0
2015-09-22,Boonville,2,Versailles,0
2015-09-22,Westminster Christian Academy,0,Villa Duchesne,2
2015-09-22,Savannah,2,Warrensburg,1
2015-09-22,St. Charles West,1,Warrenton,2
2015-09-22,Santa Fe,2,Wellington-Napoleon,0
2015-09-22,Lone Jack,1,West Platte,2
2015-09-22,Nixa,2,Willard,0
2015-09-22,St. Charles,0,Winfield,2
2015-09-22,Kearney,2,Winnetonka,0
2015-09-22,North Callaway,0,Wright City,2
2015-09-23,North County,0,Bayless,2
2015-09-23,North Technical,0,Bayless,2
2015-09-23,Metro,2,Carnahan,0
2015-09-23,Herculaneum,2,DeSoto,1
2015-09-23,Francis Howell,2,Francis Howell Central,0
2015-09-23,Joplin,0,Glendale,2
2015-09-23,Trinity Catholic,2,Hazelwood Central,0
2015-09-23,Potosi,0,Jefferson (Festus),2
2015-09-23,Summersville,0,Kennett,2
2015-09-23,Crossroads College Preparatory,1,Lutheran North,2
2015-09-23,Duchesne,2,Lutheran St. Charles,1
2015-09-23,Ritenour,2,McCluer,0
2015-09-23,Lindbergh,2,Nerinx Hall,1
2015-09-23,Campbell,0,Richland (Essex),2
2015-09-23,Incarnate Word Academy,0,St. Dominic,2
2015-09-23,St. Pius X (Festus),2,St. Vincent,1
2015-09-23,Northwest (Cedar Hill),2,Webb City,0
2015-09-23,McKinley Classical Leadership,2,West Plains,0
2015-09-23,Roosevelt,2,Transportation and Law,1
2015-09-24,Puxico,0,Advance,2
2015-09-24,Valle Catholic,0,Arcadia Valley,2
2015-09-24,Marionville,0,Ash Grove,2
2015-09-24,Drexel,2,Ballard,0
2015-09-24,Hume,2,Ballard,1
2015-09-24,Versailles,0,Barstow,3
2015-09-24,Crossroads College Preparatory,2,Bayless,0
2015-09-24,Bishop LeBlond,2,Benton,0
2015-09-24,Galena,0,Billings,2
2015-09-24,St. Dominic,0,Bishop DuBourg,2
2015-09-24,School of the Ozarks,2,Blue Eye,0
2015-09-24,Park Hill South,2,Blue Springs,0
2015-09-24,Raymore-Peculiar,1,Blue Springs South,2
2015-09-24,Fulton,1,Boonville,2
2015-09-24,Republic,1,Branson,2
2015-09-24,Principia,2,Brentwood,0
2015-09-24,Reeds Spring,1,Buffalo,2
2015-09-24,Ava,0,Cabool,2
2015-09-24,Hillcrest,2,Camdenton,0
2015-09-24,Senath-Hornersville,2,Campbell,0
2015-09-24,McKinley Classical Leadership,2,Carnahan,1
2015-09-24,Ozark,2,Carthage,0
2015-09-24,Warrensburg,2,Center,0
2015-09-24,Central (New Madrid County),2,Central (Cape Girardeau),1
2015-09-24,Hallsville,0,Centralia,2
2015-09-24,Southland,0,Clarkton,2
2015-09-24,Affton,2,Clayton,0
2015-09-24,Poplar Bluff,2,Clearwater,0
2015-09-24,Union,0,Clever,2
2015-09-24,Green Ridge,0,Cole Camp,2
2015-09-24,Northwest (Hughesville),0,Concordia,2
2015-09-24,Hayti,1,Cooter,2
2015-09-24,St. Clair,2,Crystal City,0
2015-09-24,Summersville,2,Delta (Deering),0
2015-09-24,Hume,1,Drexel,2
2015-09-24,Southeast,0,East (Kansas City),2
2015-09-24,Penney,0,East Buchanan,2
2015-09-24,Osage,0,Eldon,2
2015-09-24,Lesterville,1,Eminence,2
2015-09-24,Central (Park Hills),0,Farmington,2
2015-09-24,Brookfield,0,Father Tolton,2
2015-09-24,Blair Oaks,2,Fatima,0
2015-09-24,North Kansas City,2,Fort Osage,0
2015-09-24,North County,2,Fredericktown,1
2015-09-24,Holt,2,Ft. Zumwalt South,0
2015-09-24,Joplin,0,Glendale,2
2015-09-24,Oak Grove,0,Grain Valley,2
2015-09-24,Windsor (Imperial),2,Grandview (Hillsboro),0
2015-09-24,Ellington,0,Greenville,2
2015-09-24,Odessa,1,Harrisonville,2
2015-09-24,Webster Groves,2,Hazelwood Central,0
2015-09-24,Kirkwood,2,Hazelwood West,0
2015-09-24,Rock Bridge,0,Helias Catholic,2
2015-09-24,St. Joseph's Academy,2,Hermann,0
2015-09-24,New Haven,0,Hermann,2
2015-09-24,Webb City,0,Hillsboro,2
2015-09-24,Central (Kansas City),0,Hogan Prep Academy Charter,2
2015-09-24,Richmond,0,Holden,2
2015-09-24,Marshfield,2,Hollister,0
2015-09-24,Salem,0,Houston,2
2015-09-24,Everton,0,Hurley,2
2015-09-24,Notre Dame (St. Louis),2,John F. Kennedy,1
2015-09-24,William Chrisman,0,Kearney,2
2015-09-24,Doniphan,2,Kennett,1
2015-09-24,Parkview,0,Kickapoo,2
2015-09-24,Marshall,2,Kirksville,0
2015-09-24,Fox,0,Lafayette (Wildwood),2
2015-09-24,Knob Noster,2,Lafayette County,1
2015-09-24,East Newton,0,Lamar,2
2015-09-24,Plattsburg,2,Lathrop,1
2015-09-24,North Platte,2,Lawson,0
2015-09-24,Liberty,2,Lee's Summit West,0
2015-09-24,Carrollton,2,Lexington,1
2015-09-24,St. Charles,2,Liberty (Wentzville),0
2015-09-24,Conway,2,Licking,0
2015-09-24,University Academy Charter,0,Lincoln College Prep,2
2015-09-24,Southern Boone,2,Linn,1
2015-09-24,Purdy,2,Lockwood,1
2015-09-24,Springfield Catholic,0,Logan-Rogersville,2
2015-09-24,St. Paul Lutheran (Concordia),2,Lone Jack,1
2015-09-24,Crest Ridge,0,Lutheran (Kansas City),2
2015-09-24,Trinity Catholic,2,Lutheran North,0
2015-09-24,Caruthersville,0,Malden,2
2015-09-24,Oak Ridge,2,Marquand-Zion,0
2015-09-24,Parkway South,1,Marquette,2
2015-09-24,Verona,0,McAuley Catholic,2
2015-09-24,Pattonville,2,McCluer North,0
2015-09-24,Jennings,0,McCluer South-Berkeley,2
2015-09-24,Charleston,0,Meadow Heights,2
2015-09-24,Northeast Vernon County,0,Miami (Amoret),2
2015-09-24,West Platte,0,Mid-Buchanan,2
2015-09-24,Lakeland,0,Midway,2
2015-09-24,Cassville,2,Monett,0
2015-09-24,Carl Junction,2,Mt. Vernon,0
2015-09-24,Willard,2,Neosho,0
2015-09-24,Lutheran South,1,Nerinx Hall,2
2015-09-24,Washington,2,New Haven,1
2015-09-24,Jasper,2,New Heights Christian,0
2015-09-24,Fairfax,2,Nodaway-Holt,1
2015-09-24,Bowling Green,2,North Callaway,0
2015-09-24,Gideon,2,North Pemiscot,0
2015-09-24,Lee's Summit,0,Notre Dame de Sion,2
2015-09-24,Clinton,0,O'Hara,2
2015-09-24,Warrenton,0,Orchard Farm,2
2015-09-24,Wellington-Napoleon,0,Orrick,2
2015-09-24,El Dorado Springs,2,Osceola,1
2015-09-24,Willard,2,Otterville,0
2015-09-24,St. Charles,2,Park Hill,0
2015-09-24,Parkway West,2,Parkway North,0
2015-09-24,Niangua,0,Plato,2
2015-09-24,Raytown South,0,Platte County,2
2015-09-24,Excelsior Springs,0,Pleasant Hill,2
2015-09-24,Bernie,2,Portageville,0
2015-09-24,Oak Park,2,Raytown,0
2015-09-24,Zalma,2,Richland (Essex),1
2015-09-24,Oran,0,Risco,2
2015-09-24,Rockwood Summit,2,Riverview Gardens,0
2015-09-24,West Plains,0,Rolla,2
2015-09-24,Cleveland NJROTC,1,Roosevelt,1
2015-09-24,Veritas Christian Academy,0,Springfield Catholic,2
2015-09-24,Central (St. Joseph),2,Ruskin,0
2015-09-24,Eugene,2,Sarcoxie,0
2015-09-24,Miller,2,Sarcoxie,1
2015-09-24,Maryville,0,Savannah,2
2015-09-24,Perryville,2,Saxony Lutheran,0
2015-09-24,Bell City,3,Seneca,2
2015-09-24,Aurora,2,Seneca,0
2015-09-24,Pleasant Hope,0,Skyline,2
2015-09-24,Sacred Heart,2,Smithton,0
2015-09-24,Lafayette (St. Joseph),0,Sparta,2
2015-09-24,Gateway,2,Soldan International Studies,0
2015-09-24,Wheaton,0,Southwest (Washburn),2
2015-09-24,Crane,2,Spokane,0
2015-09-24,Ursuline Academy,0,St. Joseph's Academy,2
2015-09-24,Savannah,2,St. Pius X (Kansas City),0
2015-09-24,Liberty North,0,Staley,2
2015-09-24,Potosi,0,Ste. Genevieve,2
2015-09-24,Stockton,0,Winona,2
2015-09-24,Sherwood,0,Summit Christian Academy,3
2015-09-24,Miller Career Academy,2,West Plains,0
2015-09-24,Mountain Grove,2,Thayer,0
2015-09-24,Liberal,2,Thomas Jefferson Independent Day,0
2015-09-24,Ft. Zumwalt West,2,Timberland,1
2015-09-24,Lincoln,2,Tipton,0
2015-09-24,Waynesville,2,Transportation and Law,0
2015-09-24,Francis Howell North,2,Troy Buchanan,1
2015-09-24,Pacific,1,Tarkio,2
2015-09-24,Bismarck,2,Valley,0
2015-09-24,South Iron,1,Viburnum,2
2015-09-24,St. Joseph's Academy,0,Washington,2
2015-09-24,Lebanon,2,Waynesville,1
2015-09-24,Nixa,2,Webb City,0
2015-09-24,Kingston,1,West County,2
2015-09-24,Barat Academy,0,Whitfield,2
2015-09-24,Liberty (Mountain View),2,Willow Springs,0
2015-09-24,La Monte,0,Windsor,2
2015-09-24,St. Charles West,1,Winfield,2
2015-09-24,Belton,2,Winnetonka,1
2015-09-24,Bloomfield,2,Woodland,0
2015-09-24,Battle,2,Wright City,0
2015-09-25,Miller Career Academy,0,Bayless,2
2015-09-25,Hancock,1,Bayless,1
2015-09-25,Maplewood-Richmond Hts.,1,Bayless,1
2015-09-25,Metro,0,Brentwood,2
2015-09-25,Crossroads College Preparatory,1,Brentwood,1
2015-09-25,Valley Park,0,Brentwood,2
2015-09-25,Dixon,0,Calvary Lutheran,2
2015-09-25,McKinley Classical Leadership,2,Carnahan,1
2015-09-25,Trinity Catholic,0,Duchesne,2
2015-09-25,Westminster Christian Academy,0,Duchesne,2
2015-09-25,St. Dominic,2,Duchesne,0
2015-09-25,Lutheran St. Charles,2,Duchesne,0
2015-09-25,Hickman,2,Eldon,0
2015-09-25,Seckman,0,Eureka,2
2015-09-25,Blue Eye,2,Exeter,1
2015-09-25,Timberland,2,Francis Howell North,0
2015-09-25,Lutheran St. Charles,2,Francis Howell North,0
2015-09-25,Ritenour,0,Ft. Zumwalt North,2
2015-09-25,Fordland,2,Galena,0
2015-09-25,Holcomb,2,Hayti,0
2015-09-25,Ladue Horton Watkins,2,Hazelwood Central,0
2015-09-25,Ladue Horton Watkins,2,Hazelwood East,0
2015-09-25,McCluer,0,Hazelwood West,2
2015-09-25,Barat Academy,0,Lutheran St. Charles,2
2015-09-25,St. Dominic,1,Lutheran St. Charles,2
2015-09-25,Miller Career Academy,0,Maplewood-Richmond Hts.,2
2015-09-25,Hancock,0,Maplewood-Richmond Hts.,2
2015-09-25,Confluence Prep Academy Charter,0,McCluer South-Berkeley,2
2015-09-25,Greenville,1,Meadow Heights,2
2015-09-25,Valley Park,0,Metro,2
2015-09-25,Crossroads College Preparatory,0,Metro,2
2015-09-25,Carnahan,0,Miller Career Academy,2
2015-09-25,Hancock,2,Miller Career Academy,0
2015-09-25,North Technical,2,Normandy Collaborative,0
2015-09-25,Leopold,0,Notre Dame (Cape Girardeau),2
2015-09-25,Bunker,0,Plato,2
2015-09-25,Lutheran South,2,Principia,0
2015-09-25,Holt,2,Ritenour,0
2015-09-25,North Pemiscot,2,Southland,0
2015-09-25,Trinity Catholic,0,St. Dominic,2
2015-09-25,Westminster Christian Academy,0,St. Dominic,2
2015-09-25,Belle,0,Warsaw,2
2015-09-25,Lutheran St. Charles,1,Timberland,1
2015-09-25,Barat Academy,0,Timberland,2
2015-09-25,Westminster Christian Academy,0,Trinity Catholic,2
2015-09-25,Holt,2,University City,0
2015-09-25,Crossroads College Preparatory,2,Valley Park,0
2015-09-25,Viburnum,0,West County,2
2015-09-25,Ellington,0,Winona,2
2015-09-26,Ladue Horton Watkins,2,Affton,0
2015-09-26,Clearwater,0,Arcadia Valley,2
2015-09-26,Bishop DuBourg,2,Arcadia Valley,0
2015-09-26,Perryville,2,Arcadia Valley,0
2015-09-26,Greenville,0,Arcadia Valley,2
2015-09-26,Crossroads College Preparatory,2,Bayless,1
2015-09-26,North Kansas City,2,Belton,0
2015-09-26,St. Pius X (Kansas City),2,Belton,0
2015-09-26,Fort Osage,0,Belton,2
2015-09-26,Central (St. Joseph),0,Belton,2
2015-09-26,Harrisonville,0,Belton,2
2015-09-26,Charleston,0,Bernie,2
2015-09-26,Valle Catholic,2,Bernie,0
2015-09-26,Lesterville,2,Bernie,1
2015-09-26,Saxony Lutheran,0,Bishop DuBourg,2
2015-09-26,Lutheran (Kansas City),1,Bishop LeBlond,1
2015-09-26,Central (Park Hills),0,Bismarck,2
2015-09-26,Bishop DuBourg,2,Bismarck,0
2015-09-26,Saxony Lutheran,1,Bismarck,1
2015-09-26,Bloomfield,0,Bismarck,2
2015-09-26,Perryville,2,Bismarck,0
2015-09-26,Central (Park Hills),0,Bloomfield,2
2015-09-26,Clearwater,1,Bloomfield,2
2015-09-26,Lesterville,2,Bloomfield,0
2015-09-26,Bishop DuBourg,2,Bloomfield,0
2015-09-26,Saxony Lutheran,1,Bloomfield,1
2015-09-26,Nixa,2,Blue Springs,0
2015-09-26,Incarnate Word Academy,0,Blue Springs,2
2015-09-26,Francis Howell,2,Blue Springs,1
2015-09-26,Jefferson City,0,Blue Springs,2
2015-09-26,St. Joseph's Academy,2,Blue Springs South,0
2015-09-26,Jefferson City,0,Blue Springs South,2
2015-09-26,St. Teresa's Academy,2,Blue Springs South,1
2015-09-26,Kickapoo,1,Blue Springs South,2
2015-09-26,Hurley,2,Bradleyville,0
2015-09-26,Everton,2,Bradleyville,0
2015-09-26,Crossroads College Preparatory,2,Brentwood,1
2015-09-26,Miller Career Academy,0,Brentwood,2
2015-09-26,Pleasant Hill,2,Cameron,0
2015-09-26,Battle,2,Cameron,0
2015-09-26,Warsaw,0,Cameron,2
2015-09-26,Northwest (Cedar Hill),2,Carl Junction,0
2015-09-26,Eminence,0,Carl Junction,2
2015-09-26,Marshfield,0,Carl Junction,2
2015-09-26,Branson,0,Carl Junction,2
2015-09-26,Crane,2,Cassville,0
2015-09-26,Wheaton,1,Cassville,1
2015-09-26,Clearwater,1,Central (Cape Girardeau),1
2015-09-26,Central (Park Hills),2,Central (Cape Girardeau),0
2015-09-26,Arcadia Valley,2,Central (Cape Girardeau),0
2015-09-26,Greenville,1,Central (Cape Girardeau),1
2015-09-26,Perryville,2,Central (Cape Girardeau),0
2015-09-26,Hogan Prep Academy Charter,2,Central (Kansas City),0
2015-09-26,Northeast (Kansas City),2,Central (Kansas City),0
2015-09-26,Southwest Early College,0,Central (Kansas City),2
2015-09-26,University Academy Charter,2,Central (Kansas City),0
2015-09-26,Saxony Lutheran,0,Central (Park Hills),2
2015-09-26,Bishop DuBourg,2,Central (Park Hills),0
2015-09-26,Excelsior Springs,0,Central (St. Joseph),2
2015-09-26,Grandview,0,Central (St. Joseph),2
2015-09-26,North Kansas City,2,Central (St. Joseph),0
2015-09-26,St. Pius X (Kansas City),2,Central (St. Joseph),0
2015-09-26,School of the Ozarks,2,Chadwick,0
2015-09-26,Niangua,1,Chadwick,1
2015-09-26,Hurley,2,Chadwick,0
2015-09-26,Linn,2,Chamois,0
2015-09-26,Valle Catholic,2,Charleston,0
2015-09-26,Seneca,2,Charleston,0
2015-09-26,Bishop LeBlond,2,Chillicothe,0
2015-09-26,West Platte,1,Chillicothe,1
2015-09-26,Lutheran (Kansas City),1,Chillicothe,1
2015-09-26,Savannah,2,Chillicothe,0
2015-09-26,Greenville,0,Clearwater,2
2015-09-26,Perryville,2,Clearwater,0
2015-09-26,Wheaton,0,Crane,2
2015-09-26,Southwest (Washburn),0,Crane,2
2015-09-26,Fredericktown,1,DeSoto,1
2015-09-26,Charleston,0,DeSoto,2
2015-09-26,Valle Catholic,0,DeSoto,2
2015-09-26,Bishop DuBourg,2,DeSoto,0
2015-09-26,Bernie,1,DeSoto,1
2015-09-26,North County,0,DeSoto,2
2015-09-26,Southwest Early College,0,East (Kansas City),2
2015-09-26,Hurley,2,Everton,0
2015-09-26,Villa Duchesne,1,Francis Howell,2
2015-09-26,St. Teresa's Academy,1,Francis Howell,2
2015-09-26,Westminster Christian Academy,2,Francis Howell North,1
2015-09-26,Barat Academy,0,Francis Howell North,2
2015-09-26,Central (Park Hills),0,Fredericktown,2
2015-09-26,Valle Catholic,2,Fredericktown,0
2015-09-26,Bernie,1,Fredericktown,1
2015-09-26,Charleston,0,Fredericktown,2
2015-09-26,Sikeston,0,Fredericktown,2
2015-09-26,Ladue Horton Watkins,0,Ft. Zumwalt North,2
2015-09-26,Holt,2,Ft. Zumwalt North,0
2015-09-26,University City,0,Ft. Zumwalt North,2
2015-09-26,Ritenour,0,Ft. Zumwalt North,2
2015-09-26,Thomas Jefferson Independent Day,0,Golden City,2
2015-09-26,Jasper,2,Golden City,0
2015-09-26,Sarcoxie,2,Golden City,1
2015-09-26,Liberty (Mountain View),2,Grain Valley,0
2015-09-26,Excelsior Springs,1,Grandview,1
2015-09-26,Rich Hill,1,Greenfield,1
2015-09-26,Sarcoxie,2,Greenfield,0
2015-09-26,McAuley Catholic,0,Greenfield,2
2015-09-26,Jasper,2,Greenfield,0
2015-09-26,Saxony Lutheran,2,Greenville,0
2015-09-26,Perryville,2,Greenville,0
2015-09-26,Whitfield,0,Hannibal,2
2015-09-26,Troy Buchanan,2,Hannibal,0
2015-09-26,Oakville,0,Hannibal,2
2015-09-26,St. Charles West,0,Hannibal,2
2015-09-26,St. Charles,0,Hannibal,2
2015-09-26,St. Pius X (Kansas City),2,Harrisonville,0
2015-09-26,Fort Osage,0,Harrisonville,2
2015-09-26,Ladue Horton Watkins,1,Hazelwood Central,1
2015-09-26,Holt,2,Hazelwood Central,0
2015-09-26,Hazelwood East,0,Hazelwood Central,2
2015-09-26,Ritenour,2,Hazelwood East,0
2015-09-26,University City,0,Hazelwood East,2
2015-09-26,Cristo Rey,2,Hogan Prep Academy Charter,0
2015-09-26,Lincoln College Prep,2,Hogan Prep Academy Charter,0
2015-09-26,Plattsburg,2,Hogan Prep Academy Charter,0
2015-09-26,Frontier School of Excellence Charter,0,Hogan Prep Academy Charter,2
2015-09-26,California,1,Holden,1
2015-09-26,Warrensburg,0,Holden,2
2015-09-26,Santa Fe,2,Holden,0
2015-09-26,Pleasant Hill,2,Holden,0
2015-09-26,School of the Ozarks,2,Hurley,0
2015-09-26,Thomas Jefferson Independent Day,1,Jasper,1
2015-09-26,Sarcoxie,0,Jasper,2
2015-09-26,Cor Jesu Academy,2,Jefferson City,0
2015-09-26,St. Teresa's Academy,2,Jefferson City,0
2015-09-26,St. Joseph's Academy,2,Jefferson City,0
2015-09-26,MICDS,2,John Burroughs,0
2015-09-26,Northwest (Cedar Hill),2,Joplin,0
2015-09-26,Grain Valley,2,Joplin,0
2015-09-26,Neosho,1,Joplin,2
2015-09-26,Eminence,2,Joplin,1
2015-09-26,Lee's Summit North,2,Kickapoo,0
2015-09-26,Cor Jesu Academy,0,Kickapoo,2
2015-09-26,Bishop LeBlond,2,Lafayette (St. Joseph),0
2015-09-26,Midway,2,Lafayette (St. Joseph),0
2015-09-26,Maryville,2,Lafayette (St. Joseph),0
2015-09-26,Savannah,2,Lafayette (St. Joseph),0
2015-09-26,Neosho,0,Lebanon,2
2015-09-26,Liberty (Mountain View),2,Lebanon,0
2015-09-26,Cor Jesu Academy,1,Lee's Summit,2
2015-09-26,Cor Jesu Academy,1,Lee's Summit North,2
2015-09-26,St. Teresa's Academy,2,Lee's Summit North,1
2015-09-26,St. Vincent,2,Lesterville,0
2015-09-26,Seneca,0,Lesterville,2
2015-09-26,Neosho,0,Liberty,2
2015-09-26,Neosho,0,Liberty (Mountain View),2
2015-09-26,Wright City,1,Licking,1
2015-09-26,Plattsburg,2,Lincoln College Prep,0
2015-09-26,Cristo Rey,2,Lincoln College Prep,0
2015-09-26,Southeast,0,Lincoln College Prep,2
2015-09-26,East (Kansas City),0,Lincoln College Prep,2
2015-09-26,St. Dominic,1,Lutheran St. Charles,2
2015-09-26,Metro,0,Maplewood-Richmond Hts.,2
2015-09-26,Crossroads College Preparatory,2,Maplewood-Richmond Hts.,0
2015-09-26,Valley Park,1,Maplewood-Richmond Hts.,2
2015-09-26,Nevada,0,Marshfield,2
2015-09-26,Eminence,0,Marshfield,2
2015-09-26,Lutheran (Kansas City),2,Maryville,0
2015-09-26,Bishop LeBlond,2,Maryville,0
2015-09-26,Midway,0,Maryville,2
2015-09-26,Savannah,2,Maryville,0
2015-09-26,West Platte,0,Maryville,2
2015-09-26,Parkway Central,2,McCluer North,0
2015-09-26,Hancock,0,Metro,2
2015-09-26,Plattsburg,1,Metro,2
2015-09-26,East (Kansas City),0,Metro,2
2015-09-26,Licking,0,Mexico,2
2015-09-26,Rolla,2,Mexico,0
2015-09-26,Wright City,2,Mexico,0
2015-09-26,West Plains,2,Mexico,0
2015-09-26,Lutheran (Kansas City),2,Midway,0
2015-09-26,Branson,1,Mt. Vernon,2
2015-09-26,Branson,2,Nevada,1
2015-09-26,Mt. Vernon,1,Nevada,2
2015-09-26,Webb City,1,Nevada,2
2015-09-26,School of the Ozarks,2,Niangua,0
2015-09-26,Incarnate Word Academy,0,Nixa,2
2015-09-26,Villa Duchesne,1,Nixa,2
2015-09-26,Chamois,1,North Callaway,1
2015-09-26,Owensville,2,North Callaway,0
2015-09-26,Linn,1,North Callaway,1
2015-09-26,Lesterville,0,North County,2
2015-09-26,St. Vincent,2,North County,0
2015-09-26,Sikeston,0,North County,2
2015-09-26,Seneca,0,North County,2
2015-09-26,Excelsior Springs,1,North Kansas City,1
2015-09-26,Grandview,0,North Kansas City,2
2015-09-26,St. Pius X (Kansas City),1,North Kansas City,2
2015-09-26,University Academy Charter,2,Northeast (Kansas City),0
2015-09-26,East (Kansas City),2,Northeast (Kansas City),0
2015-09-26,Grain Valley,0,Northwest (Cedar Hill),2
2015-09-26,Lebanon,0,Northwest (Cedar Hill),2
2015-09-26,Liberty (Mountain View),0,Northwest (Cedar Hill),2
2015-09-26,Whitfield,2,Oakville,0
2015-09-26,St. Charles West,0,Oakville,2
2015-09-26,Liberty (Wentzville),2,Oakville,0
2015-09-26,Houston,1,Osage,1
2015-09-26,West Plains,1,Osage,1
2015-09-26,Waynesville,2,Osage,0
2015-09-26,Wright City,2,Osage,1
2015-09-26,Chamois,0,Owensville,2
2015-09-26,Linn,0,Owensville,2
2015-09-26,St. Joseph's Academy,2,Ozark,0
2015-09-26,Visitation Academy,0,Parkway Central,2
2015-09-26,Ft. Zumwalt East,1,Parkway Central,2
2015-09-26,Valle Catholic,0,Perryville,2
2015-09-26,Bishop DuBourg,2,Perryville,0
2015-09-26,Valley,0,Perryville,2
2015-09-26,Cristo Rey,0,Plattsburg,2
2015-09-26,Battle,0,Pleasant Hill,2
2015-09-26,Warsaw,0,Pleasant Hill,2
2015-09-26,Santa Fe,1,Pleasant Hill,2
2015-09-26,McAuley Catholic,0,Rich Hill,2
2015-09-26,Sarcoxie,2,Rich Hill,0
2015-09-26,University City,0,Ritenour,2
2015-09-26,Liberty (Wentzville),1,Rock Bridge,1
2015-09-26,Houston,0,Rolla,2
2015-09-26,Waynesville,1,Rolla,2
2015-09-26,West Plains,0,Rolla,2
2015-09-26,Licking,0,Rolla,2
2015-09-26,Wright City,0,Rolla,2
2015-09-26,Plattsburg,2,Ruskin,0
2015-09-26,Southeast,0,Ruskin,2
2015-09-26,Frontier School of Excellence Charter,0,Ruskin,2
2015-09-26,Battle,0,Santa Fe,2
2015-09-26,California,0,Santa Fe,2
2015-09-26,McAuley Catholic,0,Sarcoxie,2
2015-09-26,Lutheran (Kansas City),0,Savannah,2
2015-09-26,Bishop LeBlond,2,Savannah,1
2015-09-26,Midway,0,Savannah,2
2015-09-26,St. Vincent,2,Seneca,0
2015-09-26,Saxony Lutheran,2,Seneca,0
2015-09-26,Lesterville,2,Sikeston,0
2015-09-26,St. Vincent,2,Sikeston,0
2015-09-26,Seneca,0,Sikeston,2
2015-09-26,Frontier School of Excellence Charter,0,Southeast,2
2015-09-26,Verona,0,Southwest (Washburn),2
2015-09-26,Rock Bridge,0,St. Charles,2
2015-09-26,Liberty (Wentzville),1,St. Charles,1
2015-09-26,Troy Buchanan,1,St. Charles,1
2015-09-26,Whitfield,0,St. Charles,2
2015-09-26,Whitfield,2,St. Charles West,0
2015-09-26,Rock Bridge,2,St. Charles West,0
2015-09-26,Cor Jesu Academy,0,St. James,2
2015-09-26,St. Teresa's Academy,2,St. Joseph's Academy,1
2015-09-26,Fort Osage,0,St. Pius X (Kansas City),2
2015-09-26,Valle Catholic,2,St. Vincent,0
2015-09-26,St. Dominic,2,Timberland,0
2015-09-26,Duchesne,1,Timberland,2
2015-09-26,Westminster Christian Academy,2,Trinity Catholic,1
2015-09-26,Barat Academy,0,Trinity Catholic,2
2015-09-26,Rock Bridge,0,Troy Buchanan,2
2015-09-26,Liberty (Wentzville),0,Troy Buchanan,2
2015-09-26,Whitfield,1,Troy Buchanan,2
2015-09-26,Wheaton,2,Verona,1
2015-09-26,California,1,Warrensburg,1
2015-09-26,Santa Fe,2,Warrensburg,0
2015-09-26,Cameron,1,Warrensburg,2
2015-09-26,Battle,2,Warsaw,0
2015-09-26,California,2,Warsaw,0
2015-09-26,Houston,0,Waynesville,2
2015-09-26,West Plains,0,Waynesville,2
2015-09-26,Licking,0,Waynesville,2
2015-09-26,Wright City,0,Waynesville,2
2015-09-26,Neosho,0,Webb City,2
2015-09-26,Liberty (Mountain View),2,Webb City,0
2015-09-26,Lebanon,2,Webb City,0
2015-09-26,Houston,0,West Plains,2
2015-09-26,Wright City,0,West Plains,2
2015-09-26,Bishop LeBlond,2,West Platte,0
2015-09-26,Lutheran (Kansas City),1,West Platte,1
2015-09-28,Lakeland,0,Adrian,2
2015-09-28,Sikeston,0,Advance,2
2015-09-28,Bayless,0,Affton,2
2015-09-28,North County,2,Arcadia Valley,1
2015-09-28,Lutheran (Kansas City),1,Barstow,2
2015-09-28,Saxony Lutheran,2,Bell City,0
2015-09-28,St. Clair,0,Bloomfield,2
2015-09-28,St. Clair,2,Bourbon,0
2015-09-28,Otterville,1,Bunceton,2
2015-09-28,Salem,0,Bunker,2
2015-09-28,Stockton,2,Butler,0
2015-09-28,Tipton,0,California,2
2015-09-28,Malden,2,Campbell,0
2015-09-28,Clever,2,Cassville,0
2015-09-28,Fredericktown,2,Central (Cape Girardeau),0
2015-09-28,Kennett,2,Central (New Madrid County),0
2015-09-28,Lebanon,2,Central (Springfield),0
2015-09-28,Portageville,0,Clarkton,2
2015-09-28,Lutheran North,0,Clayton,2
2015-09-28,Greenville,1,Clearwater,2
2015-09-28,Southwest (Washburn),0,Crane,2
2015-09-28,Sherwood,1,Crest Ridge,2
2015-09-28,Webb City,2,Cuba,0
2015-09-28,Hogan Prep Academy Charter,0,East (Kansas City),2
2015-09-28,Nevada,2,El Dorado Springs,0
2015-09-28,Mountain Grove,0,Eminence,2
2015-09-28,Chamois,0,Eugene,2
2015-09-28,Crystal City,1,Festus,2
2015-09-28,Rockwood Summit,2,Fox,1
2015-09-28,Parkway South,0,Francis Howell North,2
2015-09-28,Winfield,2,Ft. Zumwalt North,1
2015-09-28,Bernie,2,Gideon,0
2015-09-28,Branson,0,Glendale,2
2015-09-28,Warsaw,2,Hallsville,1
2015-09-28,Belton,2,Harrisonville,0
2015-09-28,Battle,0,Helias Catholic,2
2015-09-28,Summersville,0,Holcomb,2
2015-09-28,Fordland,2,Hurley,0
2015-09-28,Farmington,2,Jackson,1
2015-09-28,Grandview (Hillsboro),2,Kingston,1
2015-09-28,Wentworth Military Academy,0,Kingsville,2
2015-09-28,Benton,1,Lafayette (St. Joseph),2
2015-09-28,Pleasant Hill,1,Liberty,2
2015-09-28,Dixon,0,Licking,2
2015-09-28,Osceola,2,Lincoln,0
2015-09-28,Eureka,2,Lindbergh,0
2015-09-28,Missouri School for the Deaf,0,Linn,3
2015-09-28,West Plains,0,Logan-Rogersville,2
2015-09-28,Billings,0,Marionville,2
2015-09-28,Meadow Heights,2,Marquand-Zion,0
2015-09-28,Francis Howell Central,0,Marquette,2
2015-09-28,Golden City,0,McAuley Catholic,2
2015-09-28,Miller Career Academy,2,McCluer South-Berkeley,0
2015-09-28,Pembroke Hill,1,Midway,2
2015-09-28,Ash Grove,2,New Heights Christian,0
2015-09-28,Exeter,2,Niangua,0
2015-09-28,Delta (Deering),1,North Pemiscot,2
2015-09-28,McCluer North,2,North Technical,0
2015-09-28,Southwest Early College,0,Northeast (Kansas City),2
2015-09-28,Concordia,2,Orrick,0
2015-09-28,Skyline,1,Osage,2
2015-09-28,Rolla,1,Owensville,2
2015-09-28,Ruskin,0,Park Hill,2
2015-09-28,St. Joseph Christian,0,Penney,2
2015-09-28,Monett,0,Pierce City,2
2015-09-28,Liberty (Mountain View),2,Plato,0
2015-09-28,Lee's Summit West,0,Platte County,2
2015-09-28,Cameron,1,Plattsburg,2
2015-09-28,DeSoto,2,Potosi,0
2015-09-28,Dexter,2,Puxico,0
2015-09-28,Parkview,0,Reeds Spring,2
2015-09-28,Charleston,1,Richland (Essex),2
2015-09-28,Hayti,0,Risco,2
2015-09-28,Lamar,2,Sarcoxie,0
2015-09-28,Chadwick,0,School of the Ozarks,2
2015-09-28,Caruthersville,0,Senath-Hornersville,2
2015-09-28,O'Hara,0,Savannah,2
2015-09-28,Eldon,2,Southern Boone,0
2015-09-28,Forsyth,2,Spokane,0
2015-09-28,Buffalo,2,Springfield Catholic,0
2015-09-28,Orchard Farm,2,St. Charles West,0
2015-09-28,Lafayette (Wildwood),2,St. Joseph's Academy,1
2015-09-28,Central (Park Hills),0,St. Pius X (Festus),2
2015-09-28,Woodland,0,St. Vincent,2
2015-09-28,Bismarck,0,Ste. Genevieve,2
2015-09-28,Chillicothe,2,Trenton,0
2015-09-28,Hillsboro,2,Tarkio,0
2015-09-28,Riverview Gardens,1,University City,1
2015-09-28,Windsor (Imperial),1,Valle Catholic,2
2015-09-28,Hermann,1,Washington,2
2015-09-28,Lutheran South,2,Webster Groves,0
2015-09-28,Chilhowee,0,Windsor,2
2015-09-29,Osceola,0,Adrian,2
2015-09-29,Mt. Vernon,1,Aurora,2
2015-09-29,Eldon,2,Battle,1
2015-09-29,Bourbon,2,Belle,1
2015-09-29,St. Clair,0,Bernie,2
2015-09-29,Veritas Christian Academy,0,Bishop DuBourg,2
2015-09-29,West Platte,0,Bishop LeBlond,2
2015-09-29,West County,1,Bismarck,2
2015-09-29,Advance,1,Bloomfield,2
2015-09-29,Spokane,1,Blue Eye,2
2015-09-29,Lee's Summit,0,Blue Springs,2
2015-09-29,Hollister,1,Bolivar,1
2015-09-29,Webb City,0,Branson,2
2015-09-29,Rich Hill,0,Butler,2
2015-09-29,Conway,0,Cabool,2
2015-09-29,Versailles,0,California,2
2015-09-29,Hallsville,0,Calvary Lutheran,2
2015-09-29,Gideon,2,Campbell,1
2015-09-29,Trinity Catholic,2,Cardinal Ritter,0
2015-09-29,Lamar,0,Carl Junction,2
2015-09-29,Holden,2,Carrollton,0
2015-09-29,East Newton,2,Cassville,0
2015-09-29,Savannah,2,Center,0
2015-09-29,Frontier School of Excellence Charter,0,Central (Kansas City),2
2015-09-29,Potosi,2,Central (Park Hills),0
2015-09-29,Glendale,2,Central (Springfield),0
2015-09-29,Father Tolton,3,Chamois,1
2015-09-29,Doniphan,2,Charleston,0
2015-09-29,Lafayette (St. Joseph),1,Chillicothe,2
2015-09-29,Ash Grove,2,Clever,1
2015-09-29,St. Pius X (Kansas City),2,Clinton,0
2015-09-29,Southland,0,Cooter,2
2015-09-29,Nerinx Hall,0,Cor Jesu Academy,2
2015-09-29,Southeast,0,Cristo Rey,2
2015-09-29,Valley Park,0,Crossroads College Preparatory,2
2015-09-29,Viburnum,0,Cuba,2
2015-09-29,St. Vincent,2,DeSoto,0
2015-09-29,Pierce City,2,Diamond,0
2015-09-29,Warsaw,2,Dixon,0
2015-09-29,St. Dominic,1,Duchesne,2
2015-09-29,Southwest Early College,0,East (Kansas City),2
2015-09-29,Cameron,0,East Buchanan,2
2015-09-29,St. Paul Lutheran (Farmington),1,Ellington,2
2015-09-29,Washington,0,Eureka,2
2015-09-29,Grain Valley,2,Excelsior Springs,0
2015-09-29,Pleasant Hope,0,Fair Grove,2
2015-09-29,Maryville,2,Fairfax,0
2015-09-29,Galena,0,Forsyth,2
2015-09-29,Staley,2,Fort Osage,0
2015-09-29,Troy Buchanan,0,Francis Howell,2
2015-09-29,Timberland,2,Francis Howell North,0
2015-09-29,Ft. Zumwalt East,2,Ft. Zumwalt South,0
2015-09-29,Francis Howell Central,0,Ft. Zumwalt West,2
2015-09-29,Tipton,0,Green Ridge,2
2015-09-29,Lockwood,2,Greenfield,1
2015-09-29,Brentwood,1,Hancock,2
2015-09-29,Clarkton,1,Hayti,2
2015-09-29,Hazelwood East,0,Hazelwood Central,2
2015-09-29,Festus,2,Herculaneum,0
2015-09-29,New Haven,1,Hermann,2
2015-09-29,Camdenton,1,Hickman,2
2015-09-29,Ft. Zumwalt North,2,Holt,0
2015-09-29,Bronaugh,0,Hume,2
2015-09-29,Golden City,0,Jasper,2
2015-09-29,St. Pius X (Festus),2,Jefferson (Festus),0
2015-09-29,Kickapoo,2,Jefferson City,0
2015-09-29,Westminster Christian Academy,2,John Burroughs,0
2015-09-29,Raytown South,0,Kearney,2
2015-09-29,Central (Cape Girardeau),2,Kennett,0
2015-09-29,Arcadia Valley,2,Kingston,0
2015-09-29,Villa Duchesne,2,Lafayette (Wildwood),0
2015-09-29,Miami (Amoret),1,Lakeland,2
2015-09-29,Raymore-Peculiar,0,Lee's Summit North,2
2015-09-29,Woodland,2,Leopold,0
2015-09-29,Lafayette County,0,Lexington,2
2015-09-29,Winfield,2,Liberty (Wentzville),0
2015-09-29,North Technical,2,Lift for Life Academy Charter,0
2015-09-29,Smithton,0,Lincoln,2
2015-09-29,Wellington-Napoleon,2,Lone Jack,0
2015-09-29,John F. Kennedy,0,Lutheran St. Charles,2
2015-09-29,Richland (Essex),0,Malden,2
2015-09-29,McCluer South-Berkeley,1,Maplewood-Richmond Hts.,2
2015-09-29,Winona,2,Marionville,0
2015-09-29,Fulton,2,Marshall,0
2015-09-29,Reeds Spring,0,Marshfield,2
2015-09-29,McCluer North,2,McCluer,1
2015-09-29,Joplin,1,McDonald County,2
2015-09-29,Collegiate School of Med-Bio Science,0,McKinley Classical Leadership,2
2015-09-29,Zalma,1,Meadow Heights,2
2015-09-29,Ritenour,0,Mehlville,2
2015-09-29,Visitation Academy,2,MICDS,0
2015-09-29,Drexel,0,Midway,2
2015-09-29,Liberal,1,Miller,2
2015-09-29,Carnahan,0,Miller Career Academy,2
2015-09-29,North Callaway,2,Missouri School for the Deaf,0
2015-09-29,Centralia,1,Montgomery County,2
2015-09-29,O'Hara,1,Nevada,2
2015-09-29,Jennings,0,Normandy Collaborative,1
2015-09-29,Farmington,0,North County,2
2015-09-29,William Chrisman,0,North Kansas City,2
2015-09-29,Lutheran (Kansas City),2,North Platte,1
2015-09-29,Ballard,2,Northeast Vernon County,0
2015-09-29,Perryville,1,Notre Dame (Cape Girardeau),2
2015-09-29,Harrisonville,0,Oak Grove,2
2015-09-29,Liberty North,0,Oak Park,2
2015-09-29,Pleasant Hill,2,Odessa,0
2015-09-29,Bell City,2,Oran,0
2015-09-29,Chilhowee,0,Orrick,2
2015-09-29,Wentworth Military Academy,0,Orrick,2
2015-09-29,Nixa,2,Ozark,1
2015-09-29,Ruskin,0,Park Hill South,2
2015-09-29,Ladue Horton Watkins,0,Parkway Central,2
2015-09-29,Clayton,0,Parkway West,2
2015-09-29,Kirkwood,2,Pattonville,0
2015-09-29,Lincoln College Prep,0,Pembroke Hill,2
2015-09-29,Thayer,0,Plato,2
2015-09-29,Sikeston,2,Portageville,0
2015-09-29,Lutheran North,1,Principia,2
2015-09-29,Sarcoxie,1,Purdy,2
2015-09-29,Blue Springs South,2,Raytown,0
2015-09-29,Neosho,0,Republic,2
2015-09-29,Knob Noster,2,Richmond,0
2015-09-29,Parkway North,0,Rockwood Summit,2
2015-09-29,Northwest (Hughesville),0,Sacred Heart,2
2015-09-29,Rolla,2,Salem,0
2015-09-29,St. Paul Lutheran (Concordia),0,Santa Fe,2
2015-09-29,Lawson,0,Savannah,2
2015-09-29,Jackson,0,Seckman,2
2015-09-29,Summersville,2,Senath-Hornersville,0
2015-09-29,Monett,0,Seneca,2
2015-09-29,Notre Dame de Sion,2,Sparta,0
2015-09-29,West Plains,0,Soldan International Studies,2
2015-09-29,Mid-Buchanan,2,St. James,0
2015-09-29,Lesterville,2,South Iron,0
2015-09-29,Kirksville,1,Southern Boone,2
2015-09-29,McAuley Catholic,0,Southwest (Washburn),2
2015-09-29,Bradleyville,0,Union,2
2015-09-29,Owensville,2,St. Clair,0
2015-09-29,Notre Dame (St. Louis),0,St. Joseph's Academy,2
2015-09-29,Webb City,2,St. James,0
2015-09-29,Nodaway-Holt,2,St. Joseph Christian,1
2015-09-29,Fredericktown,0,Ste. Genevieve,2
2015-09-29,Skyline,0,Stockton,2
2015-09-29,La Monte,0,Willard,2
2015-09-29,New Haven,2,Webb City,0
2015-09-29,Cleveland NJROTC,1,Transportation and Law,1
2015-09-29,Lathrop,2,Trenton,0
2015-09-29,Central (St. Joseph),0,St. Charles,2
2015-09-29,Pacific,0,Tarkio,2
2015-09-29,Incarnate Word Academy,0,Ursuline Academy,2
2015-09-29,Valley,0,Valle Catholic,2
2015-09-29,Sherwood,3,Versailles,0
2015-09-29,Metro,2,Waynesville,0
2015-09-29,Everton,0,Verona,2
2015-09-29,St. Charles,2,Warrenton,0
2015-09-29,Licking,0,Waynesville,2
2015-09-29,Chilhowee,2,Wentworth Military Academy,0
2015-09-29,Houston,2,West Plains,1
2015-09-29,Carthage,0,Willard,2
2015-09-29,Winona,2,Willow Springs,0
2015-09-29,Cole Camp,2,Windsor,0
2015-09-29,Affton,0,Windsor (Imperial),2
2015-09-29,Platte County,2,Winnetonka,1
2015-09-29,Bowling Green,1,Wright City,2
2015-09-30,Bayless,2,Cardinal Ritter,0
2015-09-30,Riverview Gardens,0,Hazelwood Central,2
2015-09-30,McCluer,0,Hazelwood East,2
2015-09-30,Pacific,1,Hillsboro,2
2015-09-30,Visitation Academy,0,Holt,2
2015-09-30,Clayton,2,Jennings,0
2015-09-30,Central (Cape Girardeau),2,Kennett,0
2015-09-30,Nerinx Hall,1,Kirkwood,2
2015-09-30,Lee's Summit North,0,Lee's Summit,2
2015-09-30,Webster Groves,0,Lindbergh,2
2015-09-30,Lift for Life Academy Charter,0,Maplewood-Richmond Hts.,2
2015-09-30,Oak Ridge,0,Meadow Heights,2
2015-09-30,Cor Jesu Academy,2,Mehlville,0
2015-09-30,Miller Career Academy,2,Normandy Collaborative,0
2015-09-30,Mexico,1,North Callaway,2
2015-09-30,Veritas Christian Academy,2,Orchard Farm,0
2015-09-30,Ft. Zumwalt North,0,Parkway North,2
2015-09-30,Lafayette (Wildwood),2,Parkway South,0
2015-09-30,Central (New Madrid County),0,Risco,2
2015-09-30,Hazelwood West,0,Ritenour,2
2015-09-30,Oakville,0,Seckman,2
2015-09-30,West Plains,0,Soldan International Studies,2
2015-09-30,St. Joseph's Academy,2,St. Dominic,0
2015-09-30,Marquand-Zion,0,St. Paul Lutheran (Farmington),2
2015-09-30,Grandview,2,Versailles,0
2015-09-30,Parkway Central,2,Westminster Christian Academy,1
2015-10-01,Rich Hill,1,Archie,2
2015-10-01,Pembroke Hill,0,Barstow,2
2015-10-01,Fatima,2,Battle,0
2015-10-01,Warsaw,2,Belle,1
2015-10-01,Lutheran St. Charles,0,Bishop DuBourg,2
2015-10-01,Lafayette (St. Joseph),1,Bishop LeBlond,2
2015-10-01,Helias Catholic,2,Blair Oaks,0
2015-10-01,Bernie,0,Bloomfield,2
2015-10-01,Crane,2,Blue Eye,0
2015-10-01,Kearney,0,Blue Springs South,2
2015-10-01,Logan-Rogersville,2,Bolivar,0
2015-10-01,Fordland,2,Bradleyville,0
2015-10-01,Willard,2,Branson,0
2015-10-01,Concordia,2,Brookfield,0
2015-10-01,South Iron,0,Bunker,2
2015-10-01,University Academy Charter,0,Butler,3
2015-10-01,Chamois,0,Calvary Lutheran,2
2015-10-01,Sparta,2,Cameron,0
2015-10-01,Soldan International Studies,1,Carnahan,2
2015-10-01,Webb City,0,Carthage,2
2015-10-01,Carl Junction,2,Cassville,0
2015-10-01,Caruthersville,0,Central (New Madrid County),2
2015-10-01,Park Hill South,2,Central (St. Joseph),0
2015-10-01,Boonville,2,Centralia,0
2015-10-01,Summersville,2,Charleston,0
2015-10-01,Bell City,2,Clarkton,0
2015-10-01,John Burroughs,2,Clayton,0
2015-10-01,La Monte,0,Cole Camp,2
2015-10-01,Windsor,0,Cole Camp,2
2015-10-01,Jennings,2,Confluence Prep Academy Charter,0
2015-10-01,Ava,2,Conway,0
2015-10-01,Wellington-Napoleon,1,Crest Ridge,2
2015-10-01,Valley Park,0,Crystal City,2
2015-10-01,Senath-Hornersville,2,Delta (Deering),0
2015-10-01,Poplar Bluff,1,Dexter,2
2015-10-01,Greenfield,2,Diamond,0
2015-10-01,Linn,2,Dixon,0
2015-10-01,Adrian,2,Drexel,0
2015-10-01,Seneca,0,East Newton,2
2015-10-01,Marquette,2,Eureka,0
2015-10-01,Niangua,0,Everton,2
2015-10-01,Odessa,0,Excelsior Springs,2
2015-10-01,Farmington,2,Fredericktown,0
2015-10-01,Ft. Zumwalt West,2,Ft. Zumwalt East,1
2015-10-01,Troy Buchanan,0,Ft. Zumwalt South,2
2015-10-01,Kirksville,0,Fulton,2
2015-10-01,Miller,2,Golden City,1
2015-10-01,Harrisonville,0,Grain Valley,2
2015-10-01,Belton,2,Grandview,0
2015-10-01,Cuba,1,Grandview (Hillsboro),2
2015-10-01,Sacred Heart,1,Green Ridge,1
2015-10-01,Tipton,0,Green Ridge,2
2015-10-01,Doniphan,0,Greenville,2
2015-10-01,Crossroads College Preparatory,2,Hancock,0
2015-10-01,Rock Bridge,0,Hannibal,2
2015-10-01,Riverview Gardens,0,Hazelwood Central,2
2015-10-01,St. Clair,0,Hermann,2
2015-10-01,Kickapoo,2,Hillcrest,0
2015-10-01,Knob Noster,0,Holden,2
2015-10-01,Clever,1,Hollister,2
2015-10-01,Liberty (Wentzville),0,Holt,2
2015-10-01,Chadwick,0,Hurley,2
2015-10-01,Leopold,0,Jackson,2
2015-10-01,Cardinal Ritter,0,John F. Kennedy,2
2015-10-01,Camdenton,2,Joplin,0
2015-10-01,Valle Catholic,2,Kingston,0
2015-10-01,Windsor,1,La Monte,1
2015-10-01,Carrollton,0,Lafayette County,2
2015-10-01,Ballard,1,Lakeland,2
2015-10-01,Mt. Vernon,2,Lamar,0
2015-10-01,Penney,0,Lathrop,2
2015-10-01,Blue Springs,2,Lee's Summit West,0
2015-10-01,Clearwater,0,Lesterville,2
2015-10-01,New Heights Christian,2,Liberal,1
2015-10-01,St. Charles,2,Liberty,1
2015-10-01,North Kansas City,2,Liberty North,0
2015-10-01,Otterville,1,Lincoln,1
2015-10-01,Northwest (Hughesville),2,Lincoln,0
2015-10-01,Northeast (Kansas City),0,Lincoln College Prep,2
2015-10-01,Northwest (Cedar Hill),0,Lindbergh,2
2015-10-01,McAuley Catholic,1,Lockwood,2
2015-10-01,Villa Duchesne,2,Lutheran South,0
2015-10-01,Gideon,0,Malden,2
2015-10-01,Buffalo,1,Marshfield,2
2015-10-01,Benton,2,Maryville,1
2015-10-01,Hazelwood West,0,McCluer North,2
2015-10-01,Lift for Life Academy Charter,0,McCluer South-Berkeley,2
2015-10-01,Transportation and Law,0,Metro,2
2015-10-01,California,2,Mexico,0
2015-10-01,Lawson,0,Mid-Buchanan,2
2015-10-01,Aurora,2,Monett,0
2015-10-01,Winona,2,Mountain Grove,0
2015-10-01,Clinton,0,Nevada,2
2015-10-01,Republic,0,Nixa,2
2015-10-01,Potosi,0,North County,2
2015-10-01,East Buchanan,0,North Platte,2
2015-10-01,Miami (Amoret),2,Northeast Vernon County,0
2015-10-01,Willard,2,Northwest (Hughesville),0
2015-10-01,Sikeston,0,Notre Dame (Cape Girardeau),2
2015-10-01,Lutheran North,0,Notre Dame (St. Louis),2
2015-10-01,Raymore-Peculiar,0,Notre Dame de Sion,2
2015-10-01,Pleasant Hill,2,Oak Grove,0
2015-10-01,Hallsville,0,Osage,2
2015-10-01,Willard,2,Otterville,0
2015-10-01,Pacific,2,Owensville,0
2015-10-01,Neosho,0,Ozark,2
2015-10-01,Webb City,0,Pacific,2
2015-10-01,Waynesville,2,Parkview,0
2015-10-01,St. Charles West,0,Pattonville,2
2015-10-01,Jefferson (Festus),0,Perryville,2
2015-10-01,Jasper,2,Pierce City,0
2015-10-01,Willow Springs,2,Plato,0
2015-10-01,West Platte,2,Plattsburg,0
2015-10-01,Stockton,2,Pleasant Hope,0
2015-10-01,St. Clair,1,Puxico,2
2015-10-01,Winnetonka,2,Raytown South,0
2015-10-01,Springfield Catholic,2,Reeds Spring,0
2015-10-01,Lexington,2,Richmond,0
2015-10-01,Richland (Essex),0,Risco,2
2015-10-01,Lebanon,2,Rolla,0
2015-10-01,Duchesne,2,Springfield Catholic,0
2015-10-01,Versailles,2,Sarcoxie,0
2015-10-01,Marshall,0,Santa Fe,2
2015-10-01,Chillicothe,0,Savannah,2
2015-10-01,Tipton,1,Smithton,1
2015-10-01,Sacred Heart,2,Smithton,0
2015-10-01,Forsyth,1,Southwest (Washburn),2
2015-10-01,Hogan Prep Academy Charter,2,Southwest Early College,0
2015-10-01,Purdy,1,Spokane,2
2015-10-01,Timberland,2,St. Charles,0
2015-10-01,St. Joseph's Academy,2,St. Dominic,1
2015-10-01,Orrick,1,St. Paul Lutheran (Concordia),2
2015-10-01,Festus,0,St. Pius X (Festus),2
2015-10-01,Oak Park,2,Staley,1
2015-10-01,Central (Park Hills),0,Ste. Genevieve,2
2015-10-01,Fair Grove,2,Winona,1
2015-10-01,New Haven,2,Webb City,0
2015-10-01,Eminence,2,Wright City,0
2015-10-01,Roosevelt,0,West Plains,2
2015-10-01,Verona,1,Thomas Jefferson Independent Day,2
2015-10-01,Veritas Christian Academy,2,Trinity Catholic,1
2015-10-01,St. James,1,Tarkio,2
2015-10-01,Visitation Academy,0,Ursuline Academy,2
2015-10-01,McKinley Classical Leadership,0,Waynesville,2
2015-10-01,St. Pius X (Kansas City),2,Warrensburg,0
2015-10-01,Ft. Zumwalt North,0,Washington,2
2015-10-01,Valley,0,West County,2
2015-10-01,Glendale,2,West Plains,0
2015-10-01,Exeter,0,Wheaton,2
2015-10-01,Raytown,2,William Chrisman,1
2015-10-01,Montgomery County,0,Winfield,2
2015-10-01,Seneca,0,Woodland,2
2015-10-01,Advance,2,Zalma,0
2015-10-02,Principia,2,Barat Academy,0
2015-10-02,Brentwood,2,Bayless,0
2015-10-02,Plato,1,Dixon,2
2015-10-02,Helias Catholic,0,Francis Howell,2
2015-10-02,Ft. Zumwalt East,0,Francis Howell Central,2
2015-10-02,Seckman,1,Ft. Zumwalt South,2
2015-10-02,Spokane,0,Galena,2
2015-10-02,Puxico,0,Greenville,2
2015-10-02,MICDS,2,John F. Kennedy,0
2015-10-02,Bishop DuBourg,2,Notre Dame (St. Louis),0
2015-10-02,Bloomfield,2,Oran,0
2015-10-02,St. Joseph's Academy,2,Ozark,0
2015-10-02,Hazelwood West,0,Ritenour,2
2015-10-02,Notre Dame (Cape Girardeau),2,Saxony Lutheran,0
2015-10-02,Ellington,1,South Iron,2
2015-10-02,St. Teresa's Academy,2,St. Joseph's Academy,1
2015-10-02,Roosevelt,0,West Plains,2
2015-10-02,Campbell,2,St. Clair,1
2015-10-02,McKinley Classical Leadership,0,Waynesville,2
2015-10-02,North County,0,Wright City,2
2015-10-03,Butler,1,Adrian,2
2015-10-03,Midway,0,Adrian,2
2015-10-03,Notre Dame (St. Louis),2,Affton,1
2015-10-03,John F. Kennedy,0,Affton,2
2015-10-03,Plato,1,Ash Grove,1
2015-10-03,Pleasant Hope,0,Ash Grove,2
2015-10-03,Hollister,0,Aurora,2
2015-10-03,Branson,1,Aurora,1
2015-10-03,McDonald County,0,Aurora,2
2015-10-03,West Plains,0,Aurora,2
2015-10-03,Mt. Vernon,2,Aurora,0
2015-10-03,Sarcoxie,2,Belle,0
2015-10-03,Bourbon,1,Belle,1
2015-10-03,Eugene,0,Belle,2
2015-10-03,Pembroke Hill,1,Benton,1
2015-10-03,Arcadia Valley,2,Bismarck,0
2015-10-03,Crane,2,Bolivar,0
2015-10-03,Winona,2,Bolivar,0
2015-10-03,Jefferson City,2,Boonville,0
2015-10-03,Mexico,0,Boonville,2
2015-10-03,Eldon,1,Boonville,1
2015-10-03,Blair Oaks,2,Boonville,1
2015-10-03,Calvary Lutheran,2,Bourbon,0
2015-10-03,Sarcoxie,0,Bourbon,2
2015-10-03,Eugene,1,Bourbon,1
2015-10-03,Richmond,2,Brookfield,0
2015-10-03,Crane,1,Buffalo,1
2015-10-03,Bolivar,1,Buffalo,1
2015-10-03,Parkview,0,Buffalo,2
2015-10-03,El Dorado Springs,0,Buffalo,2
2015-10-03,Fair Grove,2,Buffalo,0
2015-10-03,Valley,2,Bunker,1
2015-10-03,Marquand-Zion,0,Bunker,2
2015-10-03,Midway,2,Butler,1
2015-10-03,Houston,2,Cabool,0
2015-10-03,Willow Springs,0,Cabool,2
2015-10-03,Liberty (Mountain View),2,Cabool,0
2015-10-03,Rolla,2,Cabool,0
2015-10-03,Hermann,1,Camdenton,1
2015-10-03,Glendale,2,Camdenton,0
2015-10-03,Fatima,1,Camdenton,1
2015-10-03,Lebanon,2,Camdenton,0
2015-10-03,Trenton,0,Carrollton,2
2015-10-03,Richmond,0,Carrollton,2
2015-10-03,Brookfield,0,Carrollton,2
2015-10-03,East Newton,0,Carthage,2
2015-10-03,Wheaton,0,Carthage,2
2015-10-03,Joplin,1,Carthage,1
2015-10-03,Lockwood,0,Carthage,2
2015-10-03,Logan-Rogersville,2,Carthage,1
2015-10-03,Webb City,0,Carthage,2
2015-10-03,Lamar,0,Carthage,2
2015-10-03,Hillcrest,2,Cassville,0
2015-10-03,Fair Grove,2,Cassville,0
2015-10-03,Holden,2,Cassville,0
2015-10-03,Perryville,2,Central (Park Hills),0
2015-10-03,Maryville,0,Central (St. Joseph),2
2015-10-03,Bishop LeBlond,2,Central (St. Joseph),0
2015-10-03,Pembroke Hill,0,Central (St. Joseph),2
2015-10-03,Benton,0,Central (St. Joseph),2
2015-10-03,Calvary Lutheran,2,Centralia,0
2015-10-03,Linn,2,Centralia,0
2015-10-03,Dixon,0,Centralia,2
2015-10-03,Belle,0,Centralia,2
2015-10-03,Pleasant Hope,2,Chadwick,0
2015-10-03,Marionville,2,Chadwick,0
2015-10-03,Plato,2,Chadwick,0
2015-10-03,Mt. Vernon,2,Clever,0
2015-10-03,Pierce City,0,Clever,2
2015-10-03,Northwest (Hughesville),0,Cole Camp,2
2015-10-03,Green Ridge,0,Cole Camp,2
2015-10-03,Lone Jack,0,Concordia,2
2015-10-03,Orrick,0,Concordia,2
2015-10-03,St. Paul Lutheran (Concordia),0,Concordia,2
2015-10-03,Santa Fe,2,Concordia,0
2015-10-03,Winona,2,Crane,1
2015-10-03,Wellington-Napoleon,1,Crest Ridge,1
2015-10-03,Santa Fe,2,Crest Ridge,0
2015-10-03,Orrick,2,Crest Ridge,1
2015-10-03,Confluence Prep Academy Charter,0,Crossroads College Preparatory,2
2015-10-03,Valley,0,Crystal City,2
2015-10-03,Kingston,0,Crystal City,2
2015-10-03,West County,2,Crystal City,1
2015-10-03,Farmington,2,Dexter,0
2015-10-03,Neosho,1,Diamond,1
2015-10-03,Calvary Lutheran,2,Dixon,0
2015-10-03,Linn,2,Dixon,0
2015-10-03,University Academy Charter,0,Drexel,2
2015-10-03,Sherwood,1,Drexel,2
2015-10-03,Wheaton,1,East Newton,1
2015-10-03,Lockwood,0,East Newton,2
2015-10-03,Joplin,1,East Newton,1
2015-10-03,Webb City,2,East Newton,1
2015-10-03,Winona,2,El Dorado Springs,0
2015-10-03,Stockton,1,El Dorado Springs,1
2015-10-03,Osceola,0,El Dorado Springs,2
2015-10-03,Licking,0,Eminence,2
2015-10-03,Mountain Grove,0,Eminence,2
2015-10-03,Liberty (Mountain View),2,Eminence,0
2015-10-03,Sarcoxie,1,Eugene,1
2015-10-03,Winona,0,Fair Grove,2
2015-10-03,Republic,1,Fatima,2
2015-10-03,Lebanon,2,Fatima,0
2015-10-03,Troy Buchanan,0,Festus,2
2015-10-03,Parkway Central,2,Festus,0
2015-10-03,Timberland,2,Festus,0
2015-10-03,John Burroughs,0,Festus,2
2015-10-03,Pattonville,0,Francis Howell,2
2015-10-03,Webster Groves,0,Francis Howell,2
2015-10-03,Springfield Catholic,0,Francis Howell,2
2015-10-03,Francis Howell Central,0,Francis Howell,2
2015-10-03,Kirkwood,0,Francis Howell,2
2015-10-03,Parkway South,1,Francis Howell Central,2
2015-10-03,Kirkwood,2,Francis Howell Central,1
2015-10-03,Hazelwood West,1,Francis Howell Central,2
2015-10-03,Webster Groves,2,Francis Howell Central,0
2015-10-03,Republic,2,Francis Howell North,0
2015-10-03,Hickman,2,Francis Howell North,0
2015-10-03,Lebanon,2,Francis Howell North,0
2015-10-03,Metro,2,Fulton,0
2015-10-03,Blair Oaks,2,Fulton,0
2015-10-03,Jefferson City,2,Fulton,0
2015-10-03,Hermann,0,Glendale,2
2015-10-03,Fatima,0,Glendale,2
2015-10-03,Francis Howell North,0,Glendale,2
2015-10-03,Lebanon,0,Glendale,2
2015-10-03,West County,2,Grandview,0
2015-10-03,Warsaw,0,Grandview (Hillsboro),2
2015-10-03,West County,2,Grandview (Hillsboro),0
2015-10-03,Valley,0,Grandview (Hillsboro),2
2015-10-03,Smithton,0,Green Ridge,2
2015-10-03,Willard,1,Green Ridge,2
2015-10-03,La Monte,0,Green Ridge,2
2015-10-03,Ash Grove,2,Greenfield,0
2015-10-03,Plato,0,Greenfield,2
2015-10-03,Marionville,1,Greenfield,2
2015-10-03,Marshall,0,Hannibal,2
2015-10-03,Ritenour,2,Hazelwood East,0
2015-10-03,Crossroads College Preparatory,2,Hazelwood East,1
2015-10-03,Miller Career Academy,0,Hazelwood East,2
2015-10-03,University City,0,Hazelwood East,2
2015-10-03,Parkway South,2,Hazelwood West,0
2015-10-03,Kirkwood,2,Hazelwood West,0
2015-10-03,Pattonville,2,Hazelwood West,0
2015-10-03,John Burroughs,0,Helias Catholic,2
2015-10-03,Lutheran South,2,Helias Catholic,0
2015-10-03,Fatima,1,Hermann,1
2015-10-03,Hickman,0,Hermann,2
2015-10-03,Republic,2,Hickman,0
2015-10-03,Lebanon,2,Hickman,0
2015-10-03,Fair Grove,2,Hillcrest,0
2015-10-03,Holden,2,Hillcrest,0
2015-10-03,Fair Grove,2,Holden,0
2015-10-03,Crane,2,Holden,0
2015-10-03,McDonald County,2,Hollister,0
2015-10-03,Branson,2,Hollister,0
2015-10-03,Liberty (Mountain View),2,Houston,0
2015-10-03,Willow Springs,1,Houston,1
2015-10-03,Mexico,0,Jefferson City,2
2015-10-03,Blair Oaks,2,Jefferson City,0
2015-10-03,Eldon,0,Jefferson City,2
2015-10-03,Metro,0,Jefferson City,2
2015-10-03,Crossroads College Preparatory,2,Jennings,0
2015-10-03,McCluer,2,Jennings,0
2015-10-03,Confluence Prep Academy Charter,0,Jennings,2
2015-10-03,Miller Career Academy,2,Jennings,0
2015-10-03,Notre Dame (St. Louis),2,John F. Kennedy,0
2015-10-03,Wheaton,0,Joplin,2
2015-10-03,Lockwood,0,Joplin,2
2015-10-03,Neosho,0,Joplin,2
2015-10-03,Webb City,1,Joplin,2
2015-10-03,Logan-Rogersville,2,Joplin,0
2015-10-03,Warsaw,2,Kingston,0
2015-10-03,Bunker,0,Kingston,2
2015-10-03,Parkway South,0,Kirkwood,2
2015-10-03,Webster Groves,0,Kirkwood,2
2015-10-03,Drexel,2,Knob Noster,0
2015-10-03,University Academy Charter,0,Knob Noster,2
2015-10-03,Sacred Heart,2,La Monte,0
2015-10-03,Maryville,0,Lafayette (St. Joseph),2
2015-10-03,Bishop LeBlond,2,Lafayette (St. Joseph),0
2015-10-03,Benton,0,Lafayette (St. Joseph),2
2015-10-03,Sherwood,2,Lakeland,0
2015-10-03,Neosho,1,Lamar,1
2015-10-03,Diamond,1,Lamar,1
2015-10-03,Logan-Rogersville,2,Lamar,0
2015-10-03,Webb City,2,Lamar,0
2015-10-03,Republic,1,Lebanon,1
2015-10-03,Willow Springs,0,Liberty (Mountain View),2
2015-10-03,Mountain Grove,2,Licking,0
2015-10-03,Willard,2,Lincoln,0
2015-10-03,Otterville,0,Lincoln,2
2015-10-03,Smithton,0,Lincoln,2
2015-10-03,Tipton,1,Lincoln,2
2015-10-03,Northwest (Hughesville),2,Lincoln,0
2015-10-03,Calvary Lutheran,2,Linn,0
2015-10-03,Sarcoxie,0,Linn,2
2015-10-03,Wheaton,2,Lockwood,0
2015-10-03,Neosho,0,Logan-Rogersville,2
2015-10-03,Diamond,0,Logan-Rogersville,2
2015-10-03,Webb City,0,Logan-Rogersville,2
2015-10-03,Wheaton,0,Logan-Rogersville,2
2015-10-03,St. Paul Lutheran (Concordia),1,Lone Jack,1
2015-10-03,Santa Fe,2,Lone Jack,0
2015-10-03,Orrick,1,Lone Jack,1
2015-10-03,Pleasant Hope,0,Marionville,2
2015-10-03,West County,2,Marquand-Zion,0
2015-10-03,Bishop LeBlond,2,Maryville,0
2015-10-03,Crossroads College Preparatory,2,McCluer,0
2015-10-03,Ritenour,2,McCluer,0
2015-10-03,Confluence Prep Academy Charter,0,McCluer,2
2015-10-03,Barat Academy,0,McCluer North,2
2015-10-03,Principia,2,McCluer North,1
2015-10-03,Wright City,2,McCluer North,0
2015-10-03,Branson,1,McDonald County,1
2015-10-03,Eldon,2,Mexico,0
2015-10-03,Blair Oaks,2,Mexico,0
2015-10-03,Ritenour,2,Miller Career Academy,0
2015-10-03,University City,1,Miller Career Academy,3
2015-10-03,Pierce City,0,Mt. Vernon,2
2015-10-03,Branson,0,Mt. Vernon,2
2015-10-03,Saxony Lutheran,2,North County,1
2015-10-03,Otterville,0,Northwest (Hughesville),2
2015-10-03,Willard,2,Northwest (Hughesville),0
2015-10-03,Sacred Heart,0,Northwest (Hughesville),2
2015-10-03,Warrenton,0,Orchard Farm,2
2015-10-03,Pacific,2,Orchard Farm,0
2015-10-03,St. Paul Lutheran (Concordia),1,Orrick,1
2015-10-03,Santa Fe,2,Orrick,0
2015-10-03,Winona,2,Osceola,0
2015-10-03,Stockton,1,Osceola,1
2015-10-03,St. Teresa's Academy,2,Ozark,1
2015-10-03,Warrenton,0,Pacific,2
2015-10-03,Crane,2,Parkview,0
2015-10-03,Bolivar,2,Parkview,0
2015-10-03,Timberland,2,Parkway Central,0
2015-10-03,Lutheran South,2,Parkway Central,0
2015-10-03,Webb City,0,Parkway Central,2
2015-10-03,Springfield Catholic,1,Parkway South,2
2015-10-03,Ursuline Academy,2,Parkway West,0
2015-10-03,Webster Groves,2,Pattonville,1
2015-10-03,Springfield Catholic,0,Pattonville,2
2015-10-03,Barat Academy,0,Principia,2
2015-10-03,University City,0,Ritenour,2
2015-10-03,Crossroads College Preparatory,0,Ritenour,2
2015-10-03,Helias Catholic,2,Rockwood Summit,0
2015-10-03,John Burroughs,0,Rockwood Summit,2
2015-10-03,Timberland,2,Rockwood Summit,0
2015-10-03,Webb City,1,Rockwood Summit,2
2015-10-03,Houston,0,Rolla,2
2015-10-03,Willow Springs,0,Rolla,2
2015-10-03,Liberty (Mountain View),2,Rolla,0
2015-10-03,Willard,2,Rolla,0
2015-10-03,Eminence,2,Rolla,1
2015-10-03,Licking,1,Salem,1
2015-10-03,Mountain Grove,2,Salem,0
2015-10-03,Eminence,2,Salem,0
2015-10-03,Willard,2,Salem,0
2015-10-03,Wellington-Napoleon,0,Santa Fe,2
2015-10-03,Windsor,0,Smithton,2
2015-10-03,Boonville,2,Southern Boone,0
2015-10-03,Fulton,1,Southern Boone,1
2015-10-03,Blair Oaks,2,Southern Boone,0
2015-10-03,Orchard Farm,2,St. Clair,0
2015-10-03,St. James,1,St. Clair,1
2015-10-03,Tarkio,2,St. Clair,0
2015-10-03,Orchard Farm,1,St. James,1
2015-10-03,Warrenton,2,St. James,0
2015-10-03,St. Joseph's Academy,1,St. Teresa's Academy,2
2015-10-03,Marquand-Zion,0,Warsaw,2
2015-10-03,Winona,2,Stockton,0
2015-10-03,Lutheran South,2,Webb City,0
2015-10-03,Troy Buchanan,0,Webb City,2
2015-10-03,Helias Catholic,2,Webb City,0
2015-10-03,Lutheran South,2,Timberland,0
2015-10-03,Sacred Heart,2,Tipton,0
2015-10-03,Brookfield,0,Trenton,2
2015-10-03,Richmond,2,Trenton,0
2015-10-03,Lutheran South,2,Troy Buchanan,0
2015-10-03,John Burroughs,2,Troy Buchanan,1
2015-10-03,Pacific,2,Tarkio,0
2015-10-03,Warrenton,2,Tarkio,1
2015-10-03,Confluence Prep Academy Charter,0,University City,2
2015-10-03,Neosho,1,Webb City,1
2015-10-03,Diamond,0,Webb City,2
2015-10-03,Springfield Catholic,0,Webster Groves,2
2015-10-03,St. Paul Lutheran (Concordia),2,Wellington-Napoleon,1
2015-10-03,Clever,0,West Plains,2
2015-10-03,Mt. Vernon,2,West Plains,0
2015-10-03,Pierce City,0,West Plains,2
2015-10-03,Branson,2,West Plains,1
2015-10-03,Visitation Academy,0,Whitfield,2
2015-10-03,Licking,0,Willard,2
2015-10-03,Mountain Grove,0,Willard,2
2015-10-03,Eminence,0,Willard,2
2015-10-03,Liberty (Mountain View),0,Willard,2
2015-10-03,Principia,2,Wright City,1
2015-10-03,Barat Academy,0,Wright City,2
2015-10-05,Herculaneum,1,Affton,2
2015-10-05,Stockton,0,Ash Grove,2
2015-10-05,St. James,2,Belle,0
2015-10-05,Blue Eye,0,Billings,2
2015-10-05,Osage,0,Bolivar,2
2015-10-05,Viburnum,2,Bourbon,0
2015-10-05,Northeast Vernon County,0,Bronaugh,2
2015-10-05,Lincoln,2,Bunceton,0
2015-10-05,Eminence,2,Cabool,0
2015-10-05,Senath-Hornersville,2,Caruthersville,0
2015-10-05,Cristo Rey,2,Central (Kansas City),0
2015-10-05,Bowling Green,0,Centralia,2
2015-10-05,Niangua,0,Chadwick,2
2015-10-05,Penney,0,Chillicothe,2
2015-10-05,Southland,0,Clarkton,2
2015-10-05,Aurora,2,Clever,0
2015-10-05,St. Paul Lutheran (Concordia),1,Cole Camp,2
2015-10-05,Windsor,0,Concordia,2
2015-10-05,Winona,2,Conway,0
2015-10-05,North Pemiscot,0,Cooter,2
2015-10-05,Risco,2,Delta (Deering),0
2015-10-05,St. Pius X (Festus),2,DeSoto,0
2015-10-05,Lincoln College Prep,2,East (Kansas City),0
2015-10-05,Skyline,1,El Dorado Springs,2
2015-10-05,Willard,1,Eldon,2
2015-10-05,Sarcoxie,0,Eugene,2
2015-10-05,Central (Cape Girardeau),0,Farmington,2
2015-10-05,Grandview (Hillsboro),0,Festus,2
2015-10-05,Webster Groves,2,Fox,0
2015-10-05,Kirkwood,0,Francis Howell,2
2015-10-05,St. Charles,1,Ft. Zumwalt South,2
2015-10-05,School of the Ozarks,2,Galena,0
2015-10-05,Verona,2,Greenfield,1
2015-10-05,Bunker,1,Greenville,2
2015-10-05,Montgomery County,2,Hallsville,0
2015-10-05,Pacific,2,Hazelwood West,0
2015-10-05,Hermann,0,Helias Catholic,2
2015-10-05,Jefferson (Festus),2,Hillsboro,0
2015-10-05,Southeast,0,Hogan Prep Academy Charter,2
2015-10-05,Fredericktown,2,Jackson,0
2015-10-05,Principia,0,John Burroughs,2
2015-10-05,Brookfield,0,Kirksville,2
2015-10-05,McDonald County,1,Lamar,2
2015-10-05,Wellington-Napoleon,2,Lathrop,0
2015-10-05,Platte County,0,Lee's Summit North,2
2015-10-05,Oak Ridge,0,Leopold,2
2015-10-05,Golden City,0,Liberal,2
2015-10-05,Licking,0,Liberty (Mountain View),2
2015-10-05,Liberty,2,Liberty North,0
2015-10-05,Westminster Christian Academy,0,Lindbergh,2
2015-10-05,New Haven,2,Linn,0
2015-10-05,Forsyth,0,Marionville,2
2015-10-05,McCluer South-Berkeley,0,McCluer,2
2015-10-05,Warrenton,2,Mexico,0
2015-10-05,Carl Junction,2,Neosho,0
2015-10-05,Incarnate Word Academy,0,Nerinx Hall,2
2015-10-05,Mid-Buchanan,2,Nodaway-Holt,0
2015-10-05,Lesterville,1,North County,2
2015-10-05,West Platte,2,North Platte,1
2015-10-05,Parkway South,0,Northwest (Cedar Hill),2
2015-10-05,Center,0,O'Hara,2
2015-10-05,Saxony Lutheran,2,Oran,0
2015-10-05,Blair Oaks,2,Owensville,0
2015-10-05,Ft. Zumwalt West,2,Parkway North,1
2015-10-05,Pleasant Hill,2,Pembroke Hill,0
2015-10-05,Salem,0,Plato,2
2015-10-05,Maryville,2,Plattsburg,0
2015-10-05,Blue Springs,2,Raymore-Peculiar,0
2015-10-05,Belton,2,Raytown,0
2015-10-05,Central (Springfield),0,Republic,2
2015-10-05,Cameron,2,Richmond,0
2015-10-05,Jefferson City,2,Rock Bridge,0
2015-10-05,Carnahan,2,Roosevelt,0
2015-10-05,Notre Dame (St. Louis),0,Springfield Catholic,2
2015-10-05,Northwest (Hughesville),0,Santa Fe,2
2015-10-05,Lafayette (St. Joseph),0,Savannah,2
2015-10-05,Windsor (Imperial),0,Seckman,2
2015-10-05,Miller,0,Seneca,2
2015-10-05,Butler,3,Sherwood,1
2015-10-05,Kennett,0,Sikeston,2
2015-10-05,Chilhowee,0,Smithton,2
2015-10-05,Collegiate School of Med-Bio Science,0,Soldan International Studies,0
2015-10-05,Trinity Catholic,0,St. Joseph's Academy,2
2015-10-05,Valle Catholic,1,Ste. Genevieve,2
2015-10-05,Cuba,1,Warsaw,2
2015-10-05,Lutheran (Kansas City),2,Summit Christian Academy,1
2015-10-05,Doniphan,2,Thayer,0
2015-10-05,Otterville,1,Tipton,2
2015-10-05,Lexington,2,Trenton,0
2015-10-05,Lee's Summit West,2,St. Charles,1
2015-10-05,South Iron,1,Valley,2
2015-10-05,Warsaw,0,Versailles,2
2015-10-05,St. Joseph's Academy,2,Visitation Academy,0
2015-10-05,Duchesne,0,Washington,2
2015-10-05,Crystal City,0,West County,2
2015-10-05,Oak Park,2,William Chrisman,0
2015-10-05,Houston,1,Winona,2
2015-10-05,Winfield,2,Wright City,0
2015-10-06,Rich Hill,0,Adrian,2
2015-10-06,Bloomfield,1,Advance,2
2015-10-06,Lamar,0,Aurora,2
2015-10-06,Liberty (Mountain View),2,Ava,0
2015-10-06,Woodland,2,Bell City,0
2015-10-06,Puxico,0,Bernie,2
2015-10-06,Battle,0,Blair Oaks,2
2015-10-06,Lee's Summit,0,Blue Springs South,2
2015-10-06,Warsaw,2,Bourbon,0
2015-10-06,North Callaway,2,Bowling Green,1
2015-10-06,Mexico,2,Brookfield,0
2015-10-06,Bolivar,0,Buffalo,2
2015-10-06,Salem,0,Cabool,2
2015-10-06,Waynesville,0,Camdenton,2
2015-10-06,Holcomb,2,Campbell,1
2015-10-06,Veritas Christian Academy,2,Cardinal Ritter,0
2015-10-06,Knob Noster,2,Carrollton,1
2015-10-06,Branson,1,Carthage,2
2015-10-06,Malden,2,Caruthersville,0
2015-10-06,Mt. Vernon,2,Cassville,0
2015-10-06,Notre Dame (Cape Girardeau),2,Central (Cape Girardeau),0
2015-10-06,Northeast (Kansas City),2,Central (Kansas City),0
2015-10-06,Seneca,0,Central (New Madrid County),2
2015-10-06,North County,2,Central (Park Hills),0
2015-10-06,Everton,0,Chadwick,2
2015-10-06,Risco,0,Clarkton,2
2015-10-06,St. Clair,0,Clearwater,2
2015-10-06,West Plains,2,Cleveland NJROTC,0
2015-10-06,Tipton,0,Cole Camp,2
2015-10-06,Lift for Life Academy Charter,2,Confluence Prep Academy Charter,0
2015-10-06,Gideon,2,Cooter,0
2015-10-06,Lone Jack,2,Crest Ridge,1
2015-10-06,Dixon,0,Cuba,2
2015-10-06,Richland (Essex),0,Dexter,2
2015-10-06,Osceola,2,Drexel,1
2015-10-06,MICDS,0,Duchesne,2
2015-10-06,Plattsburg,1,East Buchanan,2
2015-10-06,Ellington,0,Eminence,2
2015-10-06,Ash Grove,0,Fair Grove,2
2015-10-06,Ste. Genevieve,2,Farmington,0
2015-10-06,California,0,Fatima,2
2015-10-06,Bradleyville,0,Forsyth,2
2015-10-06,Francis Howell North,0,Francis Howell Central,2
2015-10-06,Ft. Zumwalt East,2,Ft. Zumwalt North,1
2015-10-06,Francis Howell,2,Ft. Zumwalt West,0
2015-10-06,Diamond,0,Golden City,2
2015-10-06,Odessa,1,Grain Valley,2
2015-10-06,St. Paul Lutheran (Farmington),0,Grandview (Hillsboro),2
2015-10-06,Smithton,0,Green Ridge,2
2015-10-06,Sarcoxie,1,Greenfield,2
2015-10-06,Pleasant Hill,2,Harrisonville,0
2015-10-06,Portageville,2,Hayti,0
2015-10-06,McCluer North,2,Hazelwood East,1
2015-10-06,Hazelwood Central,2,Hazelwood West,0
2015-10-06,Owensville,0,Hermann,2
2015-10-06,Rolla,0,Hillcrest,2
2015-10-06,East (Kansas City),1,Hogan Prep Academy Charter,2
2015-10-06,Lexington,0,Holden,2
2015-10-06,Northeast Vernon County,0,Hume,2
2015-10-06,Galena,1,Hurley,2
2015-10-06,McCluer South-Berkeley,2,Jennings,0
2015-10-06,Bishop DuBourg,2,John F. Kennedy,0
2015-10-06,Grandview,0,Kearney,2
2015-10-06,Joplin,0,Kickapoo,2
2015-10-06,Centralia,0,Kirksville,2
2015-10-06,Rockwood Summit,0,Kirkwood,2
2015-10-06,Clayton,0,Ladue Horton Watkins,2
2015-10-06,Richmond,0,Lafayette County,2
2015-10-06,Lathrop,0,Lawson,2
2015-10-06,Glendale,2,Lebanon,0
2015-10-06,Lee's Summit North,2,Lee's Summit West,0
2015-10-06,Greenville,0,Leopold,2
2015-10-06,Ruskin,0,Liberty,0
2015-10-06,Sparta,2,Lincoln College Prep,0
2015-10-06,Seckman,0,Lindbergh,2
2015-10-06,Marshfield,0,Logan-Rogersville,2
2015-10-06,Ursuline Academy,2,Lutheran South,1
2015-10-06,Trinity Catholic,0,Lutheran St. Charles,2
2015-10-06,Fox,0,Marquette,2
2015-10-06,Boonville,2,Marshall,0
2015-10-06,Exeter,0,McAuley Catholic,2
2015-10-06,East Newton,0,McDonald County,2
2015-10-06,Metro,2,McKinley Classical Leadership,0
2015-10-06,Lafayette (Wildwood),2,Mehlville,0
2015-10-06,Archie,2,Miami (Amoret),0
2015-10-06,North Platte,2,Mid-Buchanan,0
2015-10-06,Jasper,2,Miller,1
2015-10-06,Waynesville,2,Miller Career Academy,1
2015-10-06,Calvary Lutheran,2,Montgomery County,0
2015-10-06,Houston,1,Mountain Grove,2
2015-10-06,Nixa,2,Neosho,0
2015-10-06,Warrensburg,1,Nevada,2
2015-10-06,Staley,2,North Kansas City,1
2015-10-06,St. Joseph Christian,0,Northland Christian,2
2015-10-06,Lincoln,0,Northwest (Hughesville),2
2015-10-06,Excelsior Springs,2,Oak Grove,1
2015-10-06,Winnetonka,1,Oak Park,2
2015-10-06,Eureka,2,Oakville,0
2015-10-06,Notre Dame de Sion,2,O'Hara,0
2015-10-06,Charleston,0,Oran,2
2015-10-06,Winfield,2,Orchard Farm,1
2015-10-06,Lutheran (Kansas City),2,Orrick,0
2015-10-06,Republic,0,Ozark,2
2015-10-06,Webb City,0,Pacific,2
2015-10-06,Park Hill,0,Park Hill South,2
2015-10-06,West Plains,2,Parkview,0
2015-10-06,Parkway Central,0,Parkway West,2
2015-10-06,Ritenour,0,Pattonville,2
2015-10-06,West Platte,2,Penney,0
2015-10-06,Liberal,1,Pierce City,2
2015-10-06,Marionville,2,Pleasant Hope,0
2015-10-06,Fredericktown,2,Potosi,1
2015-10-06,New Heights Christian,2,Purdy,0
2015-10-06,Fort Osage,0,Raytown,2
2015-10-06,Belton,2,Raytown South,0
2015-10-06,McCluer,2,Riverview Gardens,0
2015-10-06,St. Dominic,2,Springfield Catholic,0
2015-10-06,La Monte,0,Sacred Heart,2
2015-10-06,Summersville,2,Senath-Hornersville,1
2015-10-06,Wheaton,0,Seneca,2
2015-10-06,Clinton,0,Savannah,2
2015-10-06,Hollister,2,Springfield Catholic,0
2015-10-06,St. Charles West,0,St. Charles,2
2015-10-06,Tarkio,1,St. Clair,2
2015-10-06,New Haven,2,St. James,0
2015-10-06,Wellington-Napoleon,0,St. Paul Lutheran (Concordia),2
2015-10-06,Crystal City,0,St. Pius X (Festus),2
2015-10-06,Festus,0,St. Vincent,2
2015-10-06,Hermann,2,Webb City,0
2015-10-06,Plato,0,Wright City,2
2015-10-06,Troy Buchanan,0,Timberland,2
2015-10-06,Bishop LeBlond,2,Trenton,0
2015-10-06,Maplewood-Richmond Hts.,2,University City,0
2015-10-06,Bismarck,1,Valle Catholic,2
2015-10-06,Kingston,2,Valley,1
2015-10-06,Bayless,2,Valley Park,0
2015-10-06,Lesterville,2,Viburnum,0
2015-10-06,Visitation Academy,0,Villa Duchesne,2
2015-10-06,Liberty (Wentzville),1,Warrenton,2
2015-10-06,Southern Boone,2,Warsaw,0
2015-10-06,Holt,2,Washington,0
2015-10-06,Arcadia Valley,2,West County,0
2015-10-06,Incarnate Word Academy,2,Westminster Christian Academy,0
2015-10-06,Webb City,0,Willard,2
2015-10-06,Thayer,0,Willow Springs,2
2015-10-06,Willard,2,Windsor,0
2015-10-06,Poplar Bluff,0,Winona,2
2015-10-06,Father Tolton,2,Wright City,0
2015-10-07,Mehlville,2,Affton,0
2015-10-07,Lutheran St. Charles,2,Barat Academy,0
2015-10-07,Maplewood-Richmond Hts.,2,Bayless,1
2015-10-07,Notre Dame (St. Louis),0,Duchesne,2
2015-10-07,St. Charles,1,Ft. Zumwalt South,2
2015-10-07,Portageville,0,Holcomb,2
2015-10-07,Seneca,0,Jackson,2
2015-10-07,Lakeland,0,Kingsville,2
2015-10-07,Seckman,0,Lindbergh,2
2015-10-07,Summersville,0,Malden,2
2015-10-07,Oak Ridge,2,Marquand-Zion,0
2015-10-07,McCluer North,2,McCluer South-Berkeley,0
2015-10-07,Hume,2,Miami (Amoret),1
2015-10-07,Cardinal Ritter,0,Miller Career Academy,2
2015-10-07,Springfield Catholic,0,Nerinx Hall,2
2015-10-07,Southeast,0,Northeast (Kansas City),2
2015-10-07,Ft. Zumwalt East,0,Parkway Central,2
2015-10-07,Marquette,1,Parkway West,2
2015-10-07,Nodaway-Holt,0,Plattsburg,2
2015-10-07,Battle,2,Rock Bridge,0
2015-10-07,Lift for Life Academy Charter,1,Roosevelt,2
2015-10-07,Blue Springs,2,St. Teresa's Academy,1
2015-10-07,Hickman,0,Troy Buchanan,2
2015-10-07,Eureka,2,Ursuline Academy,0
2015-10-07,Lincoln College Prep,2,Versailles,1
2015-10-07,Parkway North,1,Webster Groves,1
2015-10-08,Archie,0,Adrian,2
2015-10-08,Dexter,2,Advance,0
2015-10-08,Westminster Christian Academy,2,Affton,0
2015-10-08,Mountain Grove,2,Ava,0
2015-10-08,Notre Dame de Sion,2,Barstow,0
2015-10-08,Lafayette (St. Joseph),2,Benton,0
2015-10-08,Woodland,2,Bernie,0
2015-10-08,Trinity Catholic,0,Bishop DuBourg,2
2015-10-08,Cameron,0,Bishop LeBlond,2
2015-10-08,Lee's Summit North,1,Blue Springs South,2
2015-10-08,Kirksville,0,Boonville,2
2015-10-08,Neosho,0,Branson,2
2015-10-08,Viburnum,2,Bunker,0
2015-10-08,Osage,0,California,2
2015-10-08,Lebanon,2,Camdenton,0
2015-10-08,Lutheran St. Charles,2,Cardinal Ritter,0
2015-10-08,Monett,0,Carl Junction,2
2015-10-08,Clinton,2,Center,0
2015-10-08,Liberty,2,Central (St. Joseph),0
2015-10-08,Eugene,2,Chamois,1
2015-10-08,Gideon,2,Clarkton,0
2015-10-08,Niangua,0,Conway,2
2015-10-08,Union,0,Crane,2
2015-10-08,St. Paul Lutheran (Concordia),0,Crest Ridge,2
2015-10-08,Maplewood-Richmond Hts.,2,Crossroads College Preparatory,1
2015-10-08,Hillsboro,2,Crystal City,0
2015-10-08,Bourbon,2,Dixon,0
2015-10-08,Lathrop,0,East Buchanan,2
2015-10-08,Aurora,2,East Newton,0
2015-10-08,Poplar Bluff,0,Eminence,2
2015-10-08,Bradleyville,0,Everton,2
2015-10-08,School of the Ozarks,2,Exeter,0
2015-10-08,Rock Port,2,Fairfax,0
2015-10-08,Calvary Lutheran,0,Father Tolton,2
2015-10-08,Hurley,1,Forsyth,2
2015-10-08,Ft. Zumwalt South,0,Francis Howell Central,2
2015-10-08,St. Dominic,2,Ft. Zumwalt West,1
2015-10-08,Blue Eye,2,Galena,0
2015-10-08,West Plains,0,Gateway,2
2015-10-08,Sarcoxie,1,Golden City,2
2015-10-08,Pleasant Hill,2,Grain Valley,0
2015-10-08,Lift for Life Academy Charter,0,Hancock,2
2015-10-08,Fulton,0,Hannibal,2
2015-10-08,Excelsior Springs,1,Harrisonville,2
2015-10-08,Hazelwood East,0,Hazelwood West,2
2015-10-08,Valley Park,0,Herculaneum,2
2015-10-08,Jefferson City,2,Hickman,0
2015-10-08,Frontier School of Excellence Charter,0,Hogan Prep Academy Charter,2
2015-10-08,Lafayette County,0,Holden,2
2015-10-08,Logan-Rogersville,2,Hollister,0
2015-10-08,Winfield,2,Holt,1
2015-10-08,Cor Jesu Academy,2,Incarnate Word Academy,0
2015-10-08,Diamond,0,Jasper,2
2015-10-08,DeSoto,2,Jefferson (Festus),1
2015-10-08,Lutheran North,2,Jennings,0
2015-10-08,Parkview,0,Joplin,2
2015-10-08,St. Clair,0,Kennett,2
2015-10-08,Glendale,0,Kickapoo,2
2015-10-08,Lincoln,0,La Monte,2
2015-10-08,Cassville,1,Lamar,2
2015-10-08,Raymore-Peculiar,2,Lee's Summit,1
2015-10-08,Park Hill South,2,Lee's Summit West,0
2015-10-08,Oak Ridge,0,Leopold,2
2015-10-08,Knob Noster,2,Lexington,0
2015-10-08,Greenfield,0,Liberal,2
2015-10-08,Cabool,0,Liberty (Mountain View),2
2015-10-08,Southwest Early College,0,Lincoln College Prep,2
2015-10-08,Pierce City,2,Lockwood,1
2015-10-08,John Burroughs,0,Lutheran South,2
2015-10-08,Holcomb,0,Malden,2
2015-10-08,Fair Grove,2,Marionville,0
2015-10-08,Chillicothe,2,Maryville,0
2015-10-08,McDonald County,2,McAuley Catholic,1
2015-10-08,Hazelwood Central,2,McCluer,0
2015-10-08,Riverview Gardens,0,McCluer North,2
2015-10-08,Zalma,0,Meadow Heights,2
2015-10-08,Marshall,2,Mexico,1
2015-10-08,Ladue Horton Watkins,2,MICDS,0
2015-10-08,Metro,0,Miller Career Academy,2
2015-10-08,Seneca,0,Mt. Vernon,2
2015-10-08,Pacific,0,New Haven,2
2015-10-08,Carthage,0,Nixa,2
2015-10-08,Brookfield,0,North Callaway,2
2015-10-08,Plattsburg,0,North Platte,2
2015-10-08,Bronaugh,2,Northeast Vernon County,0
2015-10-08,Seckman,0,Northwest (Cedar Hill),2
2015-10-08,Green Ridge,2,Northwest (Hughesville),1
2015-10-08,Festus,0,Notre Dame (Cape Girardeau),2
2015-10-08,Fort Osage,0,Oak Park,2
2015-10-08,Mehlville,2,Oakville,0
2015-10-08,Oak Grove,1,Odessa,2
2015-10-08,St. Teresa's Academy,2,O'Hara,0
2015-10-08,Notre Dame de Sion,2,O'Hara,0
2015-10-08,Brentwood,0,Orchard Farm,2
2015-10-08,Tarkio,2,Owensville,0
2015-10-08,North Kansas City,2,Park Hill,1
2015-10-08,Fox,1,Parkway North,2
2015-10-08,Mid-Buchanan,2,Penney,0
2015-10-08,St. Vincent,2,Perryville,1
2015-10-08,Kearney,1,Platte County,2
2015-10-08,Southwest (Washburn),0,Purdy,2
2015-10-08,Bolivar,0,Reeds Spring,2
2015-10-08,Willard,2,Republic,0
2015-10-08,Midway,0,Rich Hill,0
2015-10-08,Carrollton,2,Richmond,0
2015-10-08,Blair Oaks,2,Rock Bridge,0
2015-10-08,Ritenour,0,Rockwood Summit,2
2015-10-08,Waynesville,2,Rolla,1
2015-10-08,St. Charles,2,Ruskin,0
2015-10-08,Windsor,0,Sacred Heart,2
2015-10-08,Willow Springs,2,Salem,0
2015-10-08,Concordia,0,Santa Fe,2
2015-10-08,Central (Park Hills),0,Saxony Lutheran,2
2015-10-08,Lutheran (Kansas City),2,Sherwood,0
2015-10-08,Central (New Madrid County),0,Sikeston,2
2015-10-08,Winona,2,Skyline,0
2015-10-08,Warrensburg,0,Savannah,2
2015-10-08,Tipton,1,Smithton,2
2015-10-08,Savannah,0,Sparta,2
2015-10-08,Bismarck,2,South Iron,1
2015-10-08,East (Kansas City),2,Southeast,0
2015-10-08,Hallsville,0,Southern Boone,2
2015-10-08,Billings,2,Spokane,0
2015-10-08,Marshfield,2,Springfield Catholic,1
2015-10-08,St. James,0,St. Clair,2
2015-10-08,Duchesne,0,St. Joseph's Academy,2
2015-10-08,Nerinx Hall,0,St. Joseph's Academy,2
2015-10-08,Valle Catholic,0,St. Pius X (Festus),2
2015-10-08,Nevada,2,St. Pius X (Kansas City),0
2015-10-08,Raytown,0,Staley,2
2015-10-08,Grandview (Hillsboro),1,Warsaw,2
2015-10-08,El Dorado Springs,1,Stockton,2
2015-10-08,Cole Camp,2,Willard,0
2015-10-08,Hermann,2,Webb City,0
2015-10-08,Winona,2,Wright City,1
2015-10-08,Houston,2,Thayer,0
2015-10-08,Ft. Zumwalt North,0,Timberland,2
2015-10-08,McKinley Classical Leadership,2,Transportation and Law,1
2015-10-08,Cristo Rey,2,University Academy Charter,0
2015-10-08,Parkway Central,2,University City,0
2015-10-08,Whitfield,0,Ursuline Academy,2
2015-10-08,Soldan International Studies,1,Waynesville,2
2015-10-08,John F. Kennedy,0,Veritas Christian Academy,2
2015-10-08,Miller,1,Verona,2
2015-10-08,Principia,0,Villa Duchesne,2
2015-10-08,Ozark,2,Webb City,0
2015-10-08,Wentworth Military Academy,0,Wellington-Napoleon,2
2015-10-08,Hillcrest,2,West Plains,0
2015-10-08,Lawson,0,West Platte,2
2015-10-08,Liberty North,2,William Chrisman,0
2015-10-08,Grandview,0,Winnetonka,2
2015-10-08,Bowling Green,0,Wright City,2
2015-10-09,Bernie,2,Advance,0
2015-10-09,Clearwater,0,Bismarck,2
2015-10-09,Valley Park,0,Brentwood,2
2015-10-09,Woodland,0,Dexter,2
2015-10-09,Francis Howell North,1,Ft. Zumwalt East,2
2015-10-09,Bayless,0,Hancock,2
2015-10-09,South Iron,0,Jackson,2
2015-10-09,Meadow Heights,0,Leopold,2
2015-10-09,Whitfield,2,Lutheran North,0
2015-10-09,North Technical,1,Maplewood-Richmond Hts.,2
2015-10-09,Normandy Collaborative,0,McCluer South-Berkeley,2
2015-10-09,Zalma,2,Oak Ridge,0
2015-10-09,University City,0,Ritenour,2
2015-10-09,Lakeland,0,Skyline,2
2015-10-09,Windsor (Imperial),1,Troy Buchanan,2
2015-10-10,Lakeland,0,Adrian,2
2015-10-10,Drexel,2,Adrian,1
2015-10-10,Osceola,1,Adrian,2
2015-10-10,Midway,2,Archie,0
2015-10-10,Rich Hill,1,Archie,2
2015-10-10,Union,0,Ava,2
2015-10-10,Billings,2,Ava,0
2015-10-10,Fordland,2,Ava,0
2015-10-10,Purdy,2,Ava,0
2015-10-10,Salem,1,Ava,1
2015-10-10,Bronaugh,2,Ballard,0
2015-10-10,Hume,2,Ballard,0
2015-10-10,Father Tolton,2,Belle,0
2015-10-10,Tipton,2,Belle,0
2015-10-10,Montgomery County,2,Belle,0
2015-10-10,Grandview,0,Belton,2
2015-10-10,St. Paul Lutheran (Concordia),0,Belton,2
2015-10-10,Pleasant Hill,2,Belton,0
2015-10-10,Concordia,2,Belton,0
2015-10-10,Savannah,2,Belton,0
2015-10-10,Union,0,Billings,2
2015-10-10,Fordland,2,Billings,1
2015-10-10,Eldon,0,Blair Oaks,2
2015-10-10,California,0,Blair Oaks,2
2015-10-10,North Kansas City,1,Blue Springs,1
2015-10-10,Park Hill,1,Blue Springs,1
2015-10-10,Lee's Summit North,2,Blue Springs,0
2015-10-10,Liberty,2,Blue Springs,0
2015-10-10,Marquette,0,Blue Springs,2
2015-10-10,Winnetonka,0,Blue Springs South,2
2015-10-10,Staley,2,Blue Springs South,1
2015-10-10,St. Charles,0,Blue Springs South,2
2015-10-10,Marquette,0,Blue Springs South,2
2015-10-10,Lee's Summit West,0,Blue Springs South,2
2015-10-10,Butler,1,Bolivar,1
2015-10-10,Cuba,2,Bourbon,0
2015-10-10,Linn,2,Bourbon,0
2015-10-10,Miami (Amoret),2,Bronaugh,0
2015-10-10,Lafayette (Wildwood),1,Carl Junction,1
2015-10-10,Republic,0,Carl Junction,2
2015-10-10,Springfield Catholic,2,Carl Junction,0
2015-10-10,Lindbergh,0,Carl Junction,2
2015-10-10,McKinley Classical Leadership,0,Carnahan,2
2015-10-10,Licking,1,Cassville,1
2015-10-10,Hollister,2,Cassville,0
2015-10-10,Clever,2,Cassville,0
2015-10-10,New Heights Christian,0,Central (Springfield),2
2015-10-10,Diamond,1,Central (Springfield),1
2015-10-10,Carnahan,1,Cleveland NJROTC,1
2015-10-10,McKinley Classical Leadership,2,Cleveland NJROTC,0
2015-10-10,Licking,0,Clever,2
2015-10-10,Butler,1,Clinton,1
2015-10-10,Oak Grove,2,Clinton,0
2015-10-10,Bolivar,1,Clinton,1
2015-10-10,Harrisonville,2,Clinton,0
2015-10-10,Sparta,1,Cole Camp,1
2015-10-10,Fatima,1,Cole Camp,1
2015-10-10,Pleasant Hill,2,Cole Camp,1
2015-10-10,Grain Valley,2,Concordia,0
2015-10-10,Visitation Academy,1,Concordia,1
2015-10-10,Sparta,0,Concordia,2
2015-10-10,Linn,0,Cuba,2
2015-10-10,Festus,1,DeSoto,1
2015-10-10,Seckman,2,DeSoto,0
2015-10-10,Jefferson (Festus),2,DeSoto,0
2015-10-10,New Heights Christian,2,Diamond,0
2015-10-10,Midway,2,Drexel,1
2015-10-10,Diamond,0,East Newton,2
2015-10-10,Central (Springfield),1,East Newton,1
2015-10-10,New Heights Christian,2,East Newton,0
2015-10-10,McDonald County,0,East Newton,2
2015-10-10,Versailles,1,Eldon,1
2015-10-10,Hallsville,0,Eldon,2
2015-10-10,Green Ridge,0,Eldon,2
2015-10-10,Willard,0,Eldon,2
2015-10-10,Calvary Lutheran,1,Eugene,1
2015-10-10,Tipton,0,Eugene,2
2015-10-10,Father Tolton,2,Eugene,0
2015-10-10,St. Pius X (Kansas City),2,Excelsior Springs,0
2015-10-10,O'Hara,2,Excelsior Springs,0
2015-10-10,Sparta,0,Fatima,2
2015-10-10,Pleasant Hill,2,Fatima,0
2015-10-10,St. Pius X (Kansas City),1,Fatima,2
2015-10-10,Jefferson (Festus),2,Festus,0
2015-10-10,Seckman,1,Festus,1
2015-10-10,Northwest (Cedar Hill),2,Festus,0
2015-10-10,Miller,0,Fordland,2
2015-10-10,Purdy,2,Forsyth,0
2015-10-10,Miller,1,Forsyth,1
2015-10-10,Fordland,1,Forsyth,1
2015-10-10,Staley,2,Fort Osage,0
2015-10-10,Blair Oaks,2,Fulton,0
2015-10-10,Osage,1,Fulton,1
2015-10-10,Versailles,2,Fulton,0
2015-10-10,Miller Career Academy,0,Gateway,2
2015-10-10,Carnahan,0,Gateway,2
2015-10-10,McKinley Classical Leadership,0,Gateway,2
2015-10-10,Cleveland NJROTC,0,Gateway,2
2015-10-10,Waynesville,1,Gateway,2
2015-10-10,Lafayette (Wildwood),1,Glendale,1
2015-10-10,Carl Junction,0,Glendale,2
2015-10-10,Springfield Catholic,0,Glendale,2
2015-10-10,Nixa,2,Glendale,0
2015-10-10,Webster Groves,0,Glendale,2
2015-10-10,O'Hara,0,Grain Valley,2
2015-10-10,Pleasant Hill,2,Grain Valley,0
2015-10-10,Visitation Academy,0,Grain Valley,2
2015-10-10,Fatima,2,Grandview,0
2015-10-10,Cole Camp,2,Grandview,0
2015-10-10,Sparta,2,Grandview,0
2015-10-10,Versailles,2,Green Ridge,0
2015-10-10,Hallsville,0,Green Ridge,2
2015-10-10,California,2,Green Ridge,0
2015-10-10,Versailles,2,Hallsville,0
2015-10-10,Rockwood Summit,1,Hannibal,2
2015-10-10,Nevada,3,Harrisonville,0
2015-10-10,Odessa,2,Harrisonville,1
2015-10-10,Seneca,1,Hillcrest,1
2015-10-10,Wheaton,0,Hillcrest,2
2015-10-10,McDonald County,0,Hillcrest,2
2015-10-10,Central (Springfield),1,Hillcrest,2
2015-10-10,Helias Catholic,2,Hillsboro,0
2015-10-10,Webb City,0,Hillsboro,2
2015-10-10,Northwest (Cedar Hill),1,Hillsboro,1
2015-10-10,Seckman,0,Hillsboro,2
2015-10-10,Licking,0,Hollister,2
2015-10-10,Clever,1,Hollister,1
2015-10-10,Miami (Amoret),0,Hume,2
2015-10-10,Notre Dame de Sion,2,Kearney,0
2015-10-10,St. Teresa's Academy,2,Kearney,1
2015-10-10,Winona,0,Kirkwood,2
2015-10-10,Webster Groves,1,Kirkwood,1
2015-10-10,Ozark,2,Kirkwood,0
2015-10-10,Nixa,2,Kirkwood,0
2015-10-10,Springfield Catholic,0,Lafayette (Wildwood),2
2015-10-10,Penney,0,Lafayette County,2
2015-10-10,Lexington,2,Lafayette County,0
2015-10-10,Lawson,1,Lafayette County,1
2015-10-10,Versailles,0,Lafayette County,2
2015-10-10,Penney,0,Lawson,2
2015-10-10,Lexington,1,Lawson,1
2015-10-10,Versailles,0,Lawson,2
2015-10-10,Fort Osage,0,Lee's Summit,2
2015-10-10,Staley,1,Lee's Summit,1
2015-10-10,Lee's Summit North,0,Lee's Summit,2
2015-10-10,St. Teresa's Academy,1,Lee's Summit,1
2015-10-10,Notre Dame de Sion,0,Lee's Summit,2
2015-10-10,Liberty,0,Lee's Summit,2
2015-10-10,Raymore-Peculiar,0,Lee's Summit North,2
2015-10-10,Park Hill South,0,Lee's Summit North,2
2015-10-10,Platte County,0,Lee's Summit North,2
2015-10-10,St. Teresa's Academy,0,Lee's Summit North,2
2015-10-10,Kearney,1,Lee's Summit West,1
2015-10-10,Notre Dame de Sion,1,Lee's Summit West,1
2015-10-10,Oak Park,2,Lee's Summit West,0
2015-10-10,Platte County,0,Lee's Summit West,2
2015-10-10,Penney,0,Lexington,2
2015-10-10,Versailles,0,Lexington,2
2015-10-10,North Kansas City,0,Liberty,2
2015-10-10,Park Hill,0,Liberty,2
2015-10-10,Raymore-Peculiar,1,Liberty,2
2015-10-10,Nixa,2,Lindbergh,0
2015-10-10,Republic,1,Lindbergh,1
2015-10-10,Winona,0,Lindbergh,2
2015-10-10,Winnetonka,0,Marquette,2
2015-10-10,St. Charles,1,Marquette,1
2015-10-10,California,2,Marshall,0
2015-10-10,Warsaw,2,Marshall,0
2015-10-10,Willard,1,Marshall,1
2015-10-10,Blue Eye,0,Marshfield,2
2015-10-10,Reeds Spring,0,Marshfield,2
2015-10-10,Clever,0,Marshfield,2
2015-10-10,Seneca,0,McDonald County,2
2015-10-10,Wheaton,0,McDonald County,2
2015-10-10,Northeast Vernon County,0,Miami (Amoret),2
2015-10-10,Osceola,0,Midway,2
2015-10-10,West Plains,0,Miller Career Academy,2
2015-10-10,Soldan International Studies,0,Miller Career Academy,2
2015-10-10,Transportation and Law,0,Miller Career Academy,2
2015-10-10,Waynesville,0,Miller Career Academy,2
2015-10-10,Carnahan,0,Miller Career Academy,2
2015-10-10,Father Tolton,1,Montgomery County,1
2015-10-10,Calvary Lutheran,0,Montgomery County,2
2015-10-10,Odessa,0,Nevada,3
2015-10-10,Bolivar,1,Nevada,2
2015-10-10,Oak Grove,1,Nevada,2
2015-10-10,Republic,0,Nixa,2
2015-10-10,Park Hill,1,North Kansas City,1
2015-10-10,Park Hill South,2,North Kansas City,0
2015-10-10,Oak Park,0,North Kansas City,2
2015-10-10,Fort Osage,0,North Kansas City,2
2015-10-10,St. Joseph Christian,0,North Platte,2
2015-10-10,Helias Catholic,1,Northwest (Cedar Hill),1
2015-10-10,Webb City,0,Northwest (Cedar Hill),2
2015-10-10,Jefferson (Festus),1,Northwest (Cedar Hill),2
2015-10-10,Butler,0,Oak Grove,2
2015-10-10,Bolivar,0,Oak Grove,2
2015-10-10,Notre Dame de Sion,0,Oak Park,2
2015-10-10,Kearney,0,Oak Park,2
2015-10-10,Butler,2,Odessa,1
2015-10-10,St. Pius X (Kansas City),2,O'Hara,0
2015-10-10,Blair Oaks,2,Osage,0
2015-10-10,Rich Hill,0,Osceola,2
2015-10-10,Winona,0,Ozark,2
2015-10-10,Webster Groves,0,Ozark,2
2015-10-10,Springfield Catholic,0,Ozark,2
2015-10-10,Staley,2,Park Hill,0
2015-10-10,Raymore-Peculiar,0,Park Hill South,2
2015-10-10,Platte County,0,Park Hill South,2
2015-10-10,St. Charles,0,Park Hill South,2
2015-10-10,Raymore-Peculiar,1,Platte County,1
2015-10-10,St. Paul Lutheran (Concordia),0,Pleasant Hill,2
2015-10-10,Miller,0,Purdy,2
2015-10-10,Fordland,2,Purdy,0
2015-10-10,Billings,2,Purdy,0
2015-10-10,Winnetonka,0,Raymore-Peculiar,2
2015-10-10,Concordia,1,Raytown,1
2015-10-10,Excelsior Springs,0,Raytown,2
2015-10-10,Sparta,2,Raytown,0
2015-10-10,Grain Valley,1,Raytown,1
2015-10-10,Visitation Academy,2,Raytown,0
2015-10-10,Excelsior Springs,2,Raytown South,0
2015-10-10,O'Hara,2,Raytown South,0
2015-10-10,Concordia,2,Raytown South,0
2015-10-10,St. Pius X (Kansas City),2,Raytown South,0
2015-10-10,Blue Eye,0,Reeds Spring,2
2015-10-10,Union,2,Salem,0
2015-10-10,Billings,2,Salem,0
2015-10-10,St. Paul Lutheran (Concordia),1,Savannah,1
2015-10-10,Pleasant Hill,2,Savannah,0
2015-10-10,Fatima,2,Savannah,1
2015-10-10,Jefferson (Festus),2,Seckman,0
2015-10-10,Wheaton,0,Seneca,2
2015-10-10,New Heights Christian,1,Seneca,2
2015-10-10,St. Paul Lutheran (Concordia),0,Sparta,2
2015-10-10,Blair Oaks,2,Southern Boone,0
2015-10-10,Fulton,2,Southern Boone,0
2015-10-10,Osage,1,Southern Boone,1
2015-10-10,Bourbon,0,St. James,2
2015-10-10,Linn,1,St. James,1
2015-10-10,Cuba,2,St. James,0
2015-10-10,Visitation Academy,0,St. Pius X (Kansas City),2
2015-10-10,Fort Osage,1,St. Teresa's Academy,1
2015-10-10,Staley,1,St. Teresa's Academy,1
2015-10-10,Warsaw,0,Willard,2
2015-10-10,California,1,Willard,1
2015-10-10,Helias Catholic,2,Webb City,0
2015-10-10,Calvary Lutheran,2,Tipton,0
2015-10-10,Winnetonka,0,St. Charles,2
2015-10-10,Penney,0,Versailles,2
2015-10-10,California,2,Versailles,0
2015-10-10,California,2,Warsaw,0
2015-10-10,Winona,0,Webster Groves,2
2015-10-12,Bell City,0,Advance,2
2015-10-12,Bolivar,0,Ash Grove,2
2015-10-12,Montgomery County,1,Battle,2
2015-10-12,Jennings,0,Bayless,2
2015-10-12,Woodland,0,Bernie,2
2015-10-12,Pleasant Hope,0,Billings,2
2015-10-12,Arcadia Valley,2,Bismarck,0
2015-10-12,Malden,0,Bloomfield,2
2015-10-12,Eminence,2,Bloomfield,0
2015-10-12,Forsyth,1,Blue Eye,2
2015-10-12,Belle,0,Bourbon,2
2015-10-12,Reeds Spring,2,Branson,0
2015-10-12,Maplewood-Richmond Hts.,0,Brentwood,2
2015-10-12,Savannah,2,California,1
2015-10-12,Winona,2,Carthage,1
2015-10-12,Poplar Bluff,2,Central (Cape Girardeau),0
2015-10-12,Southeast,2,Central (Kansas City),0
2015-10-12,Ste. Genevieve,2,Central (Park Hills),0
2015-10-12,Eldon,2,Centralia,1
2015-10-12,Lift for Life Academy Charter,2,Cleveland NJROTC,1
2015-10-12,Billings,0,Clever,2
2015-10-12,Warsaw,0,Cole Camp,2
2015-10-12,Windsor,0,Crest Ridge,2
2015-10-12,Metro,2,Crossroads College Preparatory,0
2015-10-12,St. Clair,0,DeSoto,2
2015-10-12,Notre Dame (Cape Girardeau),0,Dexter,2
2015-10-12,Miller,2,Diamond,1
2015-10-12,Puxico,1,Doniphan,2
2015-10-12,Buffalo,2,El Dorado Springs,1
2015-10-12,Bunker,2,Ellington,0
2015-10-12,Nerinx Hall,0,Eureka,2
2015-10-12,Nodaway-Holt,2,Fairfax,0
2015-10-12,Valle Catholic,2,Farmington,0
2015-10-12,Valley,0,Farmington,2
2015-10-12,Willow Springs,0,Fordland,2
2015-10-12,Marquette,1,Francis Howell,2
2015-10-12,Central (Park Hills),2,Fredericktown,1
2015-10-12,Ste. Genevieve,2,Fredericktown,0
2015-10-12,Pacific,0,Ft. Zumwalt North,2
2015-10-12,Soldan International Studies,1,Gateway,2
2015-10-12,Thomas Jefferson Independent Day,0,Golden City,2
2015-10-12,Grandview (Hillsboro),2,Hancock,1
2015-10-12,Mexico,0,Hannibal,2
2015-10-12,Summit Christian Academy,0,Hickman,2
2015-10-12,Fox,0,Hillsboro,2
2015-10-12,Clarkton,2,Holcomb,1
2015-10-12,Osceola,1,Holden,2
2015-10-12,Wright City,2,Houston,1
2015-10-12,Marionville,2,Hurley,0
2015-10-12,Saxony Lutheran,0,Jefferson (Festus),2
2015-10-12,Central (Springfield),2,Joplin,0
2015-10-12,Arcadia Valley,2,Kingston,0
2015-10-12,Bismarck,2,Kingston,0
2015-10-12,Archie,2,Kingsville,0
2015-10-12,Chilhowee,1,La Monte,2
2015-10-12,Mehlville,2,Ladue Horton Watkins,1
2015-10-12,Lindbergh,0,Lafayette (Wildwood),2
2015-10-12,Lincoln,2,Lakeland,1
2015-10-12,Mid-Buchanan,2,Lathrop,0
2015-10-12,Bishop LeBlond,2,Lawson,0
2015-10-12,Greenville,0,Lesterville,2
2015-10-12,Penney,0,Lexington,2
2015-10-12,Waynesville,0,Liberty (Mountain View),2
2015-10-12,Eminence,2,Licking,0
2015-10-12,Hogan Prep Academy Charter,1,Lincoln College Prep,2
2015-10-12,Sarcoxie,2,Linn,1
2015-10-12,Orrick,1,Lone Jack,2
2015-10-12,Mountain Grove,0,Marshfield,2
2015-10-12,Wheaton,2,McAuley Catholic,1
2015-10-12,Monett,0,McDonald County,2
2015-10-12,East Newton,1,Mt. Vernon,2
2015-10-12,Greenfield,0,New Heights Christian,2
2015-10-12,Potosi,0,North County,2
2015-10-12,West County,0,North County,2
2015-10-12,Festus,0,Northwest (Cedar Hill),2
2015-10-12,Otterville,0,Northwest (Hughesville),2
2015-10-12,Raymore-Peculiar,2,Oak Park,1
2015-10-12,Marquand-Zion,0,Oak Ridge,2
2015-10-12,Cuba,0,Owensville,2
2015-10-12,West County,2,Potosi,0
2015-10-12,Zalma,0,Risco,2
2015-10-12,Clayton,2,Riverview Gardens,0
2015-10-12,Collegiate School of Med-Bio Science,1,Roosevelt,2
2015-10-12,Raytown South,2,Ruskin,0
2015-10-12,Clearwater,2,Seneca,1
2015-10-12,University Academy Charter,0,Sherwood,3
2015-10-12,Meadow Heights,2,South Iron,1
2015-10-12,Galena,0,Union,2
2015-10-12,Crane,2,Springfield Catholic,0
2015-10-12,Washington,2,St. Charles West,0
2015-10-12,Westminster Christian Academy,0,St. Dominic,2
2015-10-12,Hermann,0,St. Joseph's Academy,2
2015-10-12,Trenton,1,St. Joseph Christian,2
2015-10-12,Leopold,0,St. Vincent,2
2015-10-12,Viburnum,0,Warsaw,2
2015-10-12,Lockwood,1,Stockton,2
2015-10-12,Versailles,2,Willard,1
2015-10-12,Pattonville,0,Timberland,2
2015-10-12,Hallsville,2,Tipton,1
2015-10-12,Ritenour,0,Trinity Catholic,2
2015-10-12,Warrenton,2,Tarkio,0
2015-10-12,McCluer,2,University City,0
2015-10-12,Valle Catholic,2,Valley,0
2015-10-12,Oak Grove,2,Versailles,0
2015-10-12,John Burroughs,0,Whitfield,2
2015-10-12,St. Pius X (Festus),2,Windsor (Imperial),0
2015-10-12,Lutheran St. Charles,2,Winfield,0
2015-10-13,El Dorado Springs,0,Adrian,2
2015-10-13,Lone Jack,2,Archie,0
2015-10-13,Cassville,0,Aurora,2
2015-10-13,Willow Springs,2,Ava,0
2015-10-13,Holt,2,Battle,0
2015-10-13,Chillicothe,0,Benton,2
2015-10-13,Leopold,0,Bernie,2
2015-10-13,Bell City,0,Bloomfield,2
2015-10-13,Springfield Catholic,2,Bolivar,0
2015-10-13,Mexico,0,Boonville,2
2015-10-13,Cuba,2,Bourbon,0
2015-10-13,Montgomery County,2,Bowling Green,0
2015-10-13,Chadwick,2,Bradleyville,0
2015-10-13,Greenville,2,Campbell,0
2015-10-13,Bishop DuBourg,2,Cardinal Ritter,0
2015-10-13,Lexington,2,Carrollton,0
2015-10-13,Neosho,0,Carthage,2
2015-10-13,Cooter,2,Caruthersville,0
2015-10-13,Notre Dame (Cape Girardeau),2,Central (Cape Girardeau),0
2015-10-13,East (Kansas City),2,Central (Kansas City),0
2015-10-13,Kennett,0,Central (New Madrid County),2
2015-10-13,Seneca,1,Central (New Madrid County),1
2015-10-13,Charleston,0,Central (New Madrid County),2
2015-10-13,Oran,1,Central (New Madrid County),1
2015-10-13,Kennett,2,Charleston,0
2015-10-13,Seneca,1,Charleston,1
2015-10-13,Oran,2,Charleston,0
2015-10-13,Ballard,0,Chilhowee,2
2015-10-13,Richland (Essex),1,Clarkton,2
2015-10-13,South Iron,0,Clearwater,2
2015-10-13,Billings,0,Clever,2
2015-10-13,Warrensburg,2,Clinton,0
2015-10-13,Barat Academy,0,Crossroads College Preparatory,2
2015-10-13,Whitfield,2,Crystal City,0
2015-10-13,Southland,2,Delta (Deering),0
2015-10-13,Eureka,2,Duchesne,0
2015-10-13,Metro,2,East (Kansas City),0
2015-10-13,Carl Junction,2,East Newton,0
2015-10-13,Dixon,0,Eldon,2
2015-10-13,Doniphan,2,Ellington,0
2015-10-13,Wright City,0,Eminence,2
2015-10-13,Calvary Lutheran,1,Eugene,2
2015-10-13,Pleasant Hill,2,Excelsior Springs,0
2015-10-13,Southwest (Washburn),2,Exeter,0
2015-10-13,Stockton,0,Fair Grove,2
2015-10-13,St. James,2,Fairfax,1
2015-10-13,Centralia,0,Father Tolton,2
2015-10-13,Jefferson (Festus),2,Festus,0
2015-10-13,Crane,2,Forsyth,0
2015-10-13,William Chrisman,0,Fort Osage,2
2015-10-13,Mehlville,2,Fox,0
2015-10-13,Francis Howell,2,Francis Howell North,0
2015-10-13,Kingston,0,Fredericktown,2
2015-10-13,Potosi,0,Fredericktown,2
2015-10-13,Washington,2,Ft. Zumwalt East,1
2015-10-13,Ft. Zumwalt South,0,Ft. Zumwalt North,2
2015-10-13,Fatima,2,Fulton,1
2015-10-13,Verona,1,Galena,2
2015-10-13,Carnahan,0,Gateway,2
2015-10-13,Rolla,0,Glendale,2
2015-10-13,Platte County,2,Grandview,0
2015-10-13,California,2,Hallsville,0
2015-10-13,Senath-Hornersville,2,Hayti,0
2015-10-13,McCluer North,0,Hazelwood Central,2
2015-10-13,Tarkio,0,Hermann,2
2015-10-13,Lebanon,2,Hillcrest,1
2015-10-13,Herculaneum,0,Hillsboro,2
2015-10-13,Buffalo,0,Hollister,2
2015-10-13,Notre Dame (Cape Girardeau),1,Jackson,1
2015-10-13,Poplar Bluff,1,Jackson,1
2015-10-13,Central (Cape Girardeau),0,Jackson,2
2015-10-13,Sikeston,0,Jackson,2
2015-10-13,Lockwood,1,Jasper,2
2015-10-13,Maplewood-Richmond Hts.,2,Jennings,0
2015-10-13,Belton,1,Kearney,1
2015-10-13,Valley,2,Kingston,1
2015-10-13,Hannibal,2,Kirksville,0
2015-10-13,Lafayette County,0,Knob Noster,2
2015-10-13,Green Ridge,2,La Monte,0
2015-10-13,St. Joseph Christian,0,Lafayette (St. Joseph),2
2015-10-13,Drexel,2,Lakeland,0
2015-10-13,Mid-Buchanan,2,Lathrop,0
2015-10-13,East Buchanan,0,Lawson,2
2015-10-13,Blue Springs,1,Lee's Summit North,2
2015-10-13,Blue Springs South,2,Lee's Summit West,0
2015-10-13,Winona,2,Lesterville,0
2015-10-13,Houston,0,Liberty (Mountain View),2
2015-10-13,Windsor,0,Lincoln,2
2015-10-13,Reeds Spring,0,Logan-Rogersville,2
2015-10-13,Santa Fe,2,Lutheran (Kansas City),0
2015-10-13,Veritas Christian Academy,0,Lutheran St. Charles,2
2015-10-13,Skyline,1,Marionville,2
2015-10-13,Savannah,2,Marshall,0
2015-10-13,Sparta,2,Maryville,0
2015-10-13,New Heights Christian,2,McAuley Catholic,0
2015-10-13,Hazelwood West,0,McCluer,2
2015-10-13,Hancock,2,McCluer South-Berkeley,1
2015-10-13,St. Vincent,2,Meadow Heights,0
2015-10-13,Soldan International Studies,1,Metro,2
2015-10-13,Lutheran North,1,MICDS,2
2015-10-13,Hogan Prep Academy Charter,0,Midway,2
2015-10-13,Chamois,2,Missouri School for the Deaf,0
2015-10-13,Mt. Vernon,2,Monett,0
2015-10-13,Cabool,0,Mountain Grove,2
2015-10-13,Center,0,Nevada,2
2015-10-13,St. Clair,0,New Haven,2
2015-10-13,Everton,2,Niangua,0
2015-10-13,Branson,0,Nixa,2
2015-10-13,University City,2,Normandy Collaborative,0
2015-10-13,Wright City,2,North Callaway,0
2015-10-13,Oak Park,2,North Kansas City,0
2015-10-13,University Academy Charter,2,Northeast (Kansas City),1
2015-10-13,Winnetonka,0,Northland Christian,2
2015-10-13,St. Dominic,2,Notre Dame (St. Louis),0
2015-10-13,Harrisonville,0,Odessa,2
2015-10-13,Kennett,2,Oran,0
2015-10-13,Seneca,1,Oran,1
2015-10-13,St. Charles,1,Orchard Farm,2
2015-10-13,Southern Boone,2,Osage,0
2015-10-13,Willard,0,Ozark,2
2015-10-13,St. James,0,Pacific,2
2015-10-13,Central (St. Joseph),0,Park Hill,2
2015-10-13,Liberty,1,Park Hill South,2
2015-10-13,Camdenton,2,Parkview,0
2015-10-13,Affton,0,Parkway Central,2
2015-10-13,Ritenour,0,Parkway North,2
2015-10-13,Lindbergh,2,Parkway South,0
2015-10-13,Rockwood Summit,0,Pattonville,2
2015-10-13,Cameron,0,Pembroke Hill,2
2015-10-13,Golden City,0,Pierce City,2
2015-10-13,Penney,0,Plattsburg,2
2015-10-13,Ash Grove,2,Pleasant Hope,0
2015-10-13,Notre Dame (Cape Girardeau),2,Poplar Bluff,0
2015-10-13,Sikeston,0,Poplar Bluff,2
2015-10-13,Central (Cape Girardeau),0,Poplar Bluff,2
2015-10-13,Valley,0,Potosi,2
2015-10-13,Clayton,2,Principia,1
2015-10-13,Wheaton,1,Purdy,2
2015-10-13,Zalma,0,Puxico,2
2015-10-13,Liberty North,1,Raytown,1
2015-10-13,St. Charles,2,Raytown South,0
2015-10-13,Webb City,0,Republic,2
2015-10-13,North Pemiscot,0,Risco,2
2015-10-13,Willard,2,Sacred Heart,1
2015-10-13,Thayer,2,Salem,0
2015-10-13,Kennett,0,Seneca,2
2015-10-13,Lamar,2,Seneca,1
2015-10-13,Notre Dame (Cape Girardeau),2,Sikeston,0
2015-10-13,Central (Cape Girardeau),1,Sikeston,1
2015-10-13,Cole Camp,2,Smithton,0
2015-10-13,Southeast,2,Southwest Early College,0
2015-10-13,Central (Springfield),2,Spokane,0
2015-10-13,Liberty (Wentzville),1,St. Charles West,2
2015-10-13,Springfield Catholic,0,St. Joseph's Academy,2
2015-10-13,Oakville,0,St. Joseph's Academy,2
2015-10-13,Oak Ridge,2,St. Paul Lutheran (Farmington),1
2015-10-13,O'Hara,0,St. Pius X (Kansas City),2
2015-10-13,Owensville,2,Webb City,0
2015-10-13,Wellington-Napoleon,1,Summit Christian Academy,2
2015-10-13,Francis Howell Central,1,Timberland,2
2015-10-13,Northwest (Hughesville),2,Tipton,0
2015-10-13,Savannah,2,Trenton,0
2015-10-13,Ft. Zumwalt West,2,Troy Buchanan,0
2015-10-13,Gideon,0,St. Clair,2
2015-10-13,Webb City,0,Tarkio,2
2015-10-13,Blair Oaks,0,Versailles,2
2015-10-13,Cor Jesu Academy,1,Villa Duchesne,2
2015-10-13,Kickapoo,2,Waynesville,0
2015-10-13,Joplin,2,West Plains,0
2015-10-13,North Platte,2,West Platte,0
2015-10-13,Lutheran South,2,Windsor (Imperial),0
2015-10-13,Warrenton,0,Winfield,2
2015-10-13,Advance,2,Woodland,1
2015-10-14,Central (Park Hills),0,Bismarck,2
2015-10-14,West County,2,Central (Park Hills),1
2015-10-14,Soldan International Studies,2,Confluence Prep Academy Charter,0
2015-10-14,St. Charles West,0,Duchesne,2
2015-10-14,West County,0,Farmington,2
2015-10-14,Bismarck,0,Farmington,2
2015-10-14,Bourbon,0,Grandview (Hillsboro),2
2015-10-14,Trinity Catholic,2,John F. Kennedy,0
2015-10-14,Lutheran North,0,Ladue Horton Watkins,2
2015-10-14,Central (St. Joseph),0,Lee's Summit,2
2015-10-14,Blue Springs South,2,Lee's Summit West,0
2015-10-14,Veritas Christian Academy,1,Liberty (Wentzville),1
2015-10-14,Valley Park,0,Maplewood-Richmond Hts.,2
2015-10-14,Lafayette (Wildwood),2,Marquette,0
2015-10-14,Miller Career Academy,2,McKinley Classical Leadership,0
2015-10-14,Northwest (Cedar Hill),2,Nerinx Hall,0
2015-10-14,University City,0,Parkway North,2
2015-10-14,MICDS,1,Parkway South,1
2015-10-14,Westminster Christian Academy,0,Parkway West,2
2015-10-14,Sparta,2,Pembroke Hill,1
2015-10-14,North County,2,Riverview Gardens,0
2015-10-14,North Technical,2,Riverview Gardens,0
2015-10-14,Meadow Heights,0,Saxony Lutheran,2
2015-10-14,Bunceton,0,Smithton,2
2015-10-14,Father Tolton,2,Southern Boone,0
2015-10-14,Clinton,0,St. Pius X (Kansas City),2
2015-10-14,John Burroughs,2,University City,0
2015-10-14,Kirkwood,1,Webster Groves,2
2015-10-15,Sherwood,0,Adrian,2
2015-10-15,Bishop DuBourg,2,Affton,0
2015-10-15,Ste. Genevieve,2,Arcadia Valley,0
2015-10-15,Lakeland,0,Archie,2
2015-10-15,Miami (Amoret),2,Ballard,0
2015-10-15,Warrensburg,0,Battle,2
2015-10-15,Platte County,0,Belton,2
2015-10-15,Hurley,0,Billings,2
2015-10-15,Blue Springs South,0,Blue Springs,2
2015-10-15,Sarcoxie,2,Bronaugh,0
2015-10-15,Republic,2,Buffalo,0
2015-10-15,Sarcoxie,0,Calvary Lutheran,2
2015-10-15,Rolla,1,Camdenton,2
2015-10-15,Lafayette (St. Joseph),2,Cameron,0
2015-10-15,Aurora,0,Carl Junction,2
2015-10-15,Charleston,0,Central (Cape Girardeau),2
2015-10-15,Central (New Madrid County),1,Central (Cape Girardeau),2
2015-10-15,Ava,0,Central (Springfield),2
2015-10-15,Eugene,0,Centralia,2
2015-10-15,Summersville,0,Clarkton,2
2015-10-15,Doniphan,2,Clearwater,1
2015-10-15,Sacred Heart,0,Cole Camp,2
2015-10-15,Skyline,2,Conway,0
2015-10-15,Clever,0,Crane,2
2015-10-15,Northeast (Kansas City),0,Cristo Rey,2
2015-10-15,Belle,0,Cuba,2
2015-10-15,North Pemiscot,2,Delta (Deering),0
2015-10-15,Perryville,1,Dexter,2
2015-10-15,Frontier School of Excellence Charter,0,East (Kansas City),2
2015-10-15,Francis Howell North,0,Eureka,2
2015-10-15,New Haven,2,Fatima,1
2015-10-15,Pacific,0,Fox,2
2015-10-15,Ft. Zumwalt West,2,Ft. Zumwalt North,0
2015-10-15,Portageville,2,Gideon,0
2015-10-15,Hillcrest,0,Glendale,2
2015-10-15,Excelsior Springs,0,Grain Valley,2
2015-10-15,Windsor,0,Green Ridge,2
2015-10-15,Pierce City,2,Greenfield,1
2015-10-15,Boonville,0,Hannibal,2
2015-10-15,Oak Grove,2,Harrisonville,0
2015-10-15,Rock Bridge,2,Hickman,0
2015-10-15,Carrollton,0,Holden,2
2015-10-15,Timberland,1,Holt,2
2015-10-15,St. Joseph's Academy,2,Incarnate Word Academy,0
2015-10-15,Kennett,0,Jackson,2
2015-10-15,Notre Dame (Cape Girardeau),2,Jackson,0
2015-10-15,Central (Cape Girardeau),0,Jackson,2
2015-10-15,Helias Catholic,2,Jefferson City,0
2015-10-15,Waynesville,2,Joplin,1
2015-10-15,West Plains,0,Kickapoo,2
2015-10-15,Lindbergh,0,Kirkwood,2
2015-10-15,Francis Howell,0,Lafayette (Wildwood),2
2015-10-15,Lexington,0,Lafayette County,2
2015-10-15,Monett,0,Lamar,2
2015-10-15,Parkview,0,Lebanon,2
2015-10-15,St. Teresa's Academy,1,Lee's Summit North,2
2015-10-15,Park Hill,0,Liberty,2
2015-10-15,Fort Osage,2,Liberty North,0
2015-10-15,Chamois,0,Linn,2
2015-10-15,Diamond,0,Lockwood,2
2015-10-15,Nixa,2,Logan-Rogersville,0
2015-10-15,Barstow,2,Lone Jack,1
2015-10-15,Wellington-Napoleon,0,Lutheran (Kansas City),2
2015-10-15,Cor Jesu Academy,2,Lutheran South,0
2015-10-15,Orchard Farm,0,Lutheran St. Charles,2
2015-10-15,Willard,2,Marshfield,0
2015-10-15,Carthage,2,McDonald County,1
2015-10-15,Fulton,2,Mexico,0
2015-10-15,Wright City,2,Montgomery County,1
2015-10-15,Ursuline Academy,0,Nerinx Hall,2
2015-10-15,Galena,2,Niangua,0
2015-10-15,Father Tolton,2,North Callaway,0
2015-10-15,Valle Catholic,2,North County,1
2015-10-15,Arcadia Valley,0,North County,2
2015-10-15,Raytown,0,North Kansas City,2
2015-10-15,Hancock,1,North Technical,2
2015-10-15,Smithton,0,Northwest (Hughesville),2
2015-10-15,Duchesne,2,Notre Dame (St. Louis),0
2015-10-15,University Academy Charter,0,Notre Dame de Sion,2
2015-10-15,Grandview (Hillsboro),2,Oak Ridge,0
2015-10-15,Nevada,2,O'Hara,1
2015-10-15,Santa Fe,2,Orrick,0
2015-10-15,University City,0,Parkway North,2
2015-10-15,Odessa,0,Pleasant Hill,2
2015-10-15,Seneca,0,Poplar Bluff,2
2015-10-15,Notre Dame (Cape Girardeau),2,Poplar Bluff,0
2015-10-15,Clayton,2,Principia,1
2015-10-15,Lee's Summit West,0,Raymore-Peculiar,2
2015-10-15,Grandview,2,Raytown South,1
2015-10-15,East Buchanan,0,Rock Port,2
2015-10-15,Parkway Central,2,Rockwood Summit,0
2015-10-15,Bishop LeBlond,2,Savannah,0
2015-10-15,St. Clair,0,Senath-Hornersville,2
2015-10-15,Cassville,0,Seneca,2
2015-10-15,Notre Dame (Cape Girardeau),2,Sikeston,0
2015-10-15,Oran,1,Sikeston,2
2015-10-15,Center,0,Savannah,2
2015-10-15,Nodaway-Holt,0,St. James,2
2015-10-15,Greenville,1,South Iron,2
2015-10-15,Marionville,1,Spokane,1
2015-10-15,Ft. Zumwalt East,2,St. Charles,0
2015-10-15,Hazelwood West,0,St. Charles West,2
2015-10-15,Hillsboro,0,St. Clair,2
2015-10-15,Concordia,2,St. Paul Lutheran (Concordia),0
2015-10-15,Clinton,0,St. Pius X (Kansas City),2
2015-10-15,Valle Catholic,1,Ste. Genevieve,2
2015-10-15,Osceola,2,Stockton,0
2015-10-15,Hollister,1,Winona,2
2015-10-15,Liberty (Mountain View),2,Wright City,0
2015-10-15,Plato,2,Thayer,0
2015-10-15,Jasper,2,Thomas Jefferson Independent Day,1
2015-10-15,La Monte,2,Tipton,1
2015-10-15,Park Hill South,2,St. Charles,0
2015-10-15,Warrenton,2,Veritas Christian Academy,0
2015-10-15,Exeter,0,Verona,2
2015-10-15,St. Joseph's Academy,0,Villa Duchesne,2
2015-10-15,Osage,2,Warsaw,0
2015-10-15,Ft. Zumwalt South,0,Washington,2
2015-10-15,Staley,2,William Chrisman,0
2015-10-15,Licking,0,Willow Springs,2
2015-10-15,Bell City,0,Woodland,2
2015-10-15,Bloomfield,2,Zalma,0
2015-10-16,Northeast Vernon County,0,Ballard,2
2015-10-16,Campbell,0,Bernie,2
2015-10-16,Springfield Catholic,1,Bishop DuBourg,2
2015-10-16,Risco,2,Delta (Deering),0
2015-10-16,School of the Ozarks,2,Everton,0
2015-10-16,Purdy,2,Exeter,0
2015-10-16,Valley Park,0,Hancock,2
2015-10-16,St. Clair,2,Hayti,0
2015-10-16,Parkway North,2,Hazelwood East,0
2015-10-16,Puxico,1,Leopold,2
2015-10-16,Principia,2,Lutheran North,0
2015-10-16,Whitfield,2,Lutheran North,0
2015-10-16,Maplewood-Richmond Hts.,1,McCluer,2
2015-10-16,Notre Dame (St. Louis),0,MICDS,2
2015-10-16,Pembroke Hill,0,MICDS,2
2015-10-16,Wheaton,1,New Heights Christian,2
2015-10-16,Skyline,2,Niangua,0
2015-10-16,Holcomb,2,North Pemiscot,0
2015-10-16,Pembroke Hill,2,Notre Dame (St. Louis),0
2015-10-16,St. Charles,2,Pattonville,1
2015-10-16,Whitfield,2,Principia,0
2015-10-16,Advance,2,Richland (Essex),0
2015-10-16,Rockwood Summit,2,Seckman,0
2015-10-16,Senath-Hornersville,2,Southland,0
2015-10-16,John Burroughs,2,University City,0
2015-10-16,Notre Dame (St. Louis),0,Windsor (Imperial),2
2015-10-16,Pembroke Hill,0,Windsor (Imperial),2
2015-10-16,MICDS,1,Windsor (Imperial),1
2015-10-17,Bunceton,2,Belle,0
2015-10-17,Liberty,2,Blue Springs,0
2015-10-17,Calvary Lutheran,1,Bunceton,1
2015-10-17,Otterville,0,Bunceton,2
2015-10-17,Eugene,1,Bunceton,1
2015-10-17,Kingsville,2,Chilhowee,0
2015-10-17,La Monte,1,Chilhowee,1
2015-10-17,La Monte,2,Kingsville,0
2015-10-17,Wentworth Military Academy,0,La Monte,2
2015-10-17,Liberty,0,Lee's Summit,2
2015-10-17,North Kansas City,0,Liberty,2
2015-10-17,Park Hill,0,Liberty,2
2015-10-17,Raymore-Peculiar,1,Liberty,2
2015-10-17,East (Kansas City),0,Lincoln College Prep,2
2015-10-17,Pembroke Hill,2,Lutheran North,0
2015-10-17,Principia,2,Lutheran North,0
2015-10-17,Whitfield,1,MICDS,2
2015-10-17,Principia,1,Notre Dame (St. Louis),2
2015-10-17,Pembroke Hill,0,Notre Dame (St. Louis),2
2015-10-17,Whitfield,0,Windsor (Imperial),2
2015-10-19,Cooter,2,North Pemiscot,0
2015-10-19,Clarkton,2,Southland,0
2015-10-19,Holcomb,2,Delta (Deering),0
2015-10-19,Bernie,2,Risco,0
2015-10-19,Advance,2,Bell City,0
2015-10-19,Risco,2,Oran,1
2015-10-19,Advance,2,Richland (Essex),0
2015-10-19,Bell City,2,Campbell,0
2015-10-19,St. Vincent,2,Meadow Heights,0
2015-10-19,Leopold,2,Greenville,1
2015-10-19,Meadow Heights,2,Zalma,0
2015-10-19,Leopold,2,Marquand-Zion,0
2015-10-19,Greenville,2,Oak Ridge,1
2015-10-19,Kingston,2,Valley,0
2015-10-19,Crossroads College Preparatory,2,McKinley Classical Leadership,0
2015-10-19,Crystal City,2,St. Paul Lutheran (Farmington),0
2015-10-19,Bunker,2,Wright City,1
2015-10-19,Lesterville,2,Ellington,0
2015-10-19,Viburnum,2,South Iron,0
2015-10-19,Bradleyville,1,Thayer,2
2015-10-19,Chadwick,2,Niangua,1
2015-10-19,Wheaton,2,Galena,0
2015-10-19,Hurley,2,Union,0
2015-10-19,Purdy,2,Exeter,0
2015-10-19,Lockwood,2,Verona,1
2015-10-19,Billings,2,Greenfield,0
2015-10-19,Chamois,2,Otterville,1
2015-10-19,Calvary Lutheran,2,Missouri School for the Deaf,0
2015-10-19,Smithton,1,Bunceton,2
2015-10-19,Northwest (Hughesville),2,La Monte,0
2015-10-19,Sacred Heart,2,Lincoln,0
2015-10-19,Golden City,2,Bronaugh,0
2015-10-19,McAuley Catholic,2,Thomas Jefferson Independent Day,0
2015-10-19,Hume,2,Lakeland,0
2015-10-19,Rich Hill,2,Ballard,0
2015-10-19,Archie,2,Chilhowee,1
2015-10-19,Drexel,2,Miami (Amoret),0
2015-10-19,Lone Jack,2,Kingsville,1
2015-10-19,Crest Ridge,2,Wentworth Military Academy,0
2015-10-19,West Platte,2,Orrick,0
2015-10-19,North Platte,2,Frontier School of Excellence Charter,0
2015-10-19,Northland Christian,2,St. Joseph Christian,0
2015-10-19,Rock Port,2,Fairfax,0
2015-10-19,Summersville,1,Senath-Hornersville,2
2015-10-19,Portageville,2,Caruthersville,0
2015-10-19,Central (New Madrid County),2,Hayti,0
2015-10-19,Bloomfield,2,Puxico,0
2015-10-19,Woodland,0,Saxony Lutheran,2
2015-10-19,Puxico,2,St. Clair,0
2015-10-19,Woodland,2,Charleston,0
2015-10-19,Saxony Lutheran,2,Seneca,0
2015-10-19,West County,0,Herculaneum,2
2015-10-19,Arcadia Valley,2,Grandview (Hillsboro),0
2015-10-19,Valle Catholic,2,Clearwater,0
2015-10-19,Hancock,2,Valley Park,0
2015-10-19,Maplewood-Richmond Hts.,2,Carnahan,0
2015-10-19,Brentwood,2,Cleveland NJROTC,0
2015-10-19,Wright City,1,Montgomery County,2
2015-10-19,Hermann,2,Barat Academy,0
2015-10-19,Whitfield,2,Bowling Green,0
2015-10-19,North Callaway,0,Sarcoxie,2
2015-10-19,Father Tolton,2,Tipton,0
2015-10-19,Eugene,2,Hallsville,1
2015-10-19,Belle,2,Bourbon,1
2015-10-19,Cuba,2,Dixon,0
2015-10-19,Houston,2,Ava,0
2015-10-19,Cabool,2,Plato,0
2015-10-19,Willow Springs,2,Licking,0
2015-10-19,Stockton,1,Skyline,2
2015-10-19,Winona,2,Pleasant Hope,0
2015-10-19,Ash Grove,2,Conway,0
2015-10-19,Southwest (Washburn),2,Forsyth,0
2015-10-19,Marionville,2,Blue Eye,0
2015-10-19,Clever,2,Spokane,0
2015-10-19,El Dorado Springs,2,Sarcoxie,1
2015-10-19,Pierce City,2,Diamond,0
2015-10-19,Butler,2,Knob Noster,0
2015-10-19,Adrian,2,Windsor,0
2015-10-19,Cole Camp,2,Sherwood,0
2015-10-19,Carrollton,2,Trenton,0
2015-10-19,Lexington,2,Brookfield,0
2015-10-19,University Academy Charter,2,Southeast,0
2015-10-19,Barstow,1,Southwest Early College,0
2015-10-19,Plattsburg,2,Lathrop,1
2015-10-19,East Buchanan,2,Penney,0
2015-10-19,Notre Dame (Cape Girardeau),2,Fredericktown,0
2015-10-19,Dexter,2,Perryville,0
2015-10-19,Fredericktown,2,Doniphan,1
2015-10-19,Perryville,2,Kennett,0
2015-10-19,Festus,2,DeSoto,1
2015-10-19,North County,2,Central (Park Hills),0
2015-10-19,Ste. Genevieve,2,Potosi,1
2015-10-19,Notre Dame (St. Louis),2,Affton,1
2015-10-19,Bishop DuBourg,2,Roosevelt,0
2015-10-19,Windsor (Imperial),2,Bayless,0
2015-10-19,Normandy Collaborative,2,West Plains,0
2015-10-19,Soldan International Studies,2,Confluence Prep Academy Charter,0
2015-10-19,Waynesville,2,Lift for Life Academy Charter,0
2015-10-19,North Technical,2,McCluer South-Berkeley,0
2015-10-19,Orchard Farm,2,Jennings,0
2015-10-19,Webb City,2,St. Clair,0
2015-10-19,Owensville,2,Salem,0
2015-10-19,Tarkio,2,St. James,0
2015-10-19,Marshfield,0,Springfield Catholic,2
2015-10-19,Logan-Rogersville,2,Bolivar,0
2015-10-19,Buffalo,2,Mountain Grove,0
2015-10-19,Reeds Spring,1,Seneca,2
2015-10-19,Hollister,2,Monett,0
2015-10-19,East Newton,2,Cassville,0
2015-10-19,California,2,Osage,0
2015-10-19,Eldon,2,Versailles,0
2015-10-19,Marshall,2,Centralia,0
2015-10-19,Fulton,2,Mexico,0
2015-10-19,Southern Boone,2,Kirksville,0
2015-10-19,Odessa,2,Versailles,0
2015-10-19,Oak Grove,2,Richmond,0
2015-10-19,Excelsior Springs,2,Northeast (Kansas City),0
2015-10-19,East (Kansas City),0,Lincoln College Prep,2
2015-10-19,Center,2,Central (Kansas City),0
2015-10-19,Cristo Rey,2,Hogan Prep Academy Charter,1
2015-10-19,Chillicothe,1,Benton,2
2015-10-19,Savannah,2,Cameron,0
2015-10-19,Lafayette (St. Joseph),1,Maryville,2
2015-10-19,Fox,2,Seckman,0
2015-10-19,Mehlville,2,Oakville,0
2015-10-19,Washington,2,Rockwood Summit,0
2015-10-19,Eureka,2,Parkway South,0
2015-10-19,Northwest (Cedar Hill),2,Pacific,0
2015-10-19,Webster Groves,2,Springfield Catholic,0
2015-10-19,Nerinx Hall,2,Gateway,0
2015-10-19,Hazelwood East,0,McCluer,2
2015-10-19,McCluer North,2,Riverview Gardens,0
2015-10-19,Francis Howell Central,2,Holt,0
2015-10-19,Ft. Zumwalt West,2,Ft. Zumwalt North,1
2015-10-19,Timberland,2,Ft. Zumwalt South,0
2015-10-19,Hannibal,0,Troy Buchanan,2
2015-10-19,Jefferson City,2,Rock Bridge,1
2015-10-19,Battle,2,Hickman,1
2015-10-19,Camdenton,2,Hillcrest,0
2015-10-19,Lebanon,2,Rolla,0
2015-10-19,Waynesville,2,Central (Springfield),1
2015-10-19,Kickapoo,2,Branson,0
2015-10-19,Ozark,2,Parkview,0
2015-10-19,Glendale,2,West Plains,0
2015-10-19,Webb City,0,McDonald County,2
2015-10-19,Carl Junction,2,Neosho,0
2015-10-19,Republic,2,Joplin,0
2015-10-19,Lee's Summit West,2,Belton,0
2015-10-19,Lee's Summit,2,Ruskin,0
2015-10-19,Raymore-Peculiar,2,Grandview,0
2015-10-19,St. Charles,2,Grain Valley,0
2015-10-19,Blue Springs,2,Raytown South,0
2015-10-19,Lee's Summit North,2,Raytown,0
2015-10-19,North Kansas City,2,Winnetonka,0
2015-10-19,St. Teresa's Academy,2,William Chrisman,0
2015-10-19,Liberty,2,Fort Osage,0
2015-10-19,Kearney,2,Park Hill,0
2015-10-19,Oak Park,2,Liberty North,0
2015-10-19,Platte County,2,Central (St. Joseph),1
2015-10-20,Gideon,2,Cooter,0
2015-10-20,Clarkton,2,Holcomb,0
2015-10-20,Bernie,2,Advance,0
2015-10-20,St. Vincent,2,Leopold,0
2015-10-20,Bismarck,2,Crystal City,0
2015-10-20,Bismarck,2,Kingston,0
2015-10-20,Crossroads College Preparatory,1,Crystal City,2
2015-10-20,Eminence,2,Lesterville,0
2015-10-20,Eminence,2,Bunker,0
2015-10-20,Lesterville,2,Viburnum,1
2015-10-20,Fordland,0,Winona,2
2015-10-20,Fordland,2,Thayer,0
2015-10-20,Winona,2,Chadwick,0
2015-10-20,School of the Ozarks,1,Purdy,2
2015-10-20,School of the Ozarks,2,Wheaton,0
2015-10-20,Hurley,0,Purdy,2
2015-10-20,Miller,2,Billings,0
2015-10-20,Miller,2,Lockwood,1
2015-10-20,New Haven,2,Calvary Lutheran,0
2015-10-20,New Haven,2,Chamois,0
2015-10-20,Calvary Lutheran,2,Bunceton,0
2015-10-20,Willard,2,Sacred Heart,1
2015-10-20,Willard,2,Northwest (Hughesville),0
2015-10-20,Green Ridge,0,Sacred Heart,2
2015-10-20,Osceola,2,Rich Hill,0
2015-10-20,Osceola,2,Hume,0
2015-10-20,Lutheran (Kansas City),2,West Platte,0
2015-10-20,North Platte,0,Northland Christian,2
2015-10-20,Malden,0,Central (New Madrid County),2
2015-10-20,Malden,2,Senath-Hornersville,0
2015-10-20,Portageville,1,Central (New Madrid County),2
2015-10-20,Bloomfield,2,Saxony Lutheran,1
2015-10-20,Principia,2,Hancock,0
2015-10-20,Maplewood-Richmond Hts.,0,Brentwood,2
2015-10-20,Trinity Catholic,2,Lutheran North,0
2015-10-20,Trinity Catholic,2,Cardinal Ritter,0
2015-10-20,Lutheran North,2,Metro,0
2015-10-20,Cardinal Ritter,2,Transportation and Law,0
2015-10-20,Lutheran St. Charles,2,Hermann,0
2015-10-20,Lutheran St. Charles,2,Montgomery County,0
2015-10-20,Hermann,2,Whitfield,0
2015-10-20,Fatima,2,Father Tolton,1
2015-10-20,Fatima,2,Sarcoxie,0
2015-10-20,Father Tolton,2,Eugene,0
2015-10-20,Warsaw,1,Cuba,2
2015-10-20,Warsaw,2,Belle,0
2015-10-20,Linn,0,Cuba,2
2015-10-20,Liberty (Mountain View),2,Cabool,0
2015-10-20,Liberty (Mountain View),2,Houston,0
2015-10-20,Cabool,2,Willow Springs,1
2015-10-20,Fair Grove,1,Winona,2
2015-10-20,Fair Grove,2,Skyline,0
2015-10-20,Winona,2,Ash Grove,0
2015-10-20,Crane,2,Clever,0
2015-10-20,Crane,2,Southwest (Washburn),0
2015-10-20,Marionville,1,Clever,2
2015-10-20,Pierce City,0,El Dorado Springs,2
2015-10-20,Lamar,1,El Dorado Springs,2
2015-10-20,New Heights Christian,0,Pierce City,2
2015-10-20,Summit Christian Academy,1,Barstow,2
2015-10-20,Summit Christian Academy,2,University Academy Charter,0
2015-10-20,Lawson,0,Barstow,2
2015-10-20,Bishop LeBlond,2,Plattsburg,0
2015-10-20,Mid-Buchanan,0,East Buchanan,2
2015-10-20,Notre Dame (Cape Girardeau),2,Dexter,0
2015-10-20,St. Pius X (Festus),2,Ste. Genevieve,0
2015-10-20,St. Pius X (Festus),2,Festus,0
2015-10-20,North County,0,Ste. Genevieve,2
2015-10-20,Clayton,1,John F. Kennedy,2
2015-10-20,John Burroughs,2,University City,0
2015-10-20,St. Joseph's Academy,2,Owensville,0
2015-10-20,St. Joseph's Academy,2,Webb City,0
2015-10-20,Owensville,2,Tarkio,1
2015-10-20,Mt. Vernon,0,Logan-Rogersville,2
2015-10-20,Mt. Vernon,2,Springfield Catholic,0
2015-10-20,Logan-Rogersville,2,Buffalo,0
2015-10-20,Aurora,2,East Newton,1
2015-10-20,Aurora,2,Seneca,0
2015-10-20,Hollister,0,East Newton,2
2015-10-20,O'Hara,0,Harrisonville,2
2015-10-20,Nevada,2,Warsaw,0
2015-10-20,Warrensburg,2,Clinton,0
2015-10-20,Helias Catholic,2,Blair Oaks,0
2015-10-20,Helias Catholic,2,California,0
2015-10-20,Blair Oaks,2,Eldon,0
2015-10-20,Boonville,2,Fulton,1
2015-10-20,Boonville,2,Marshall,0
2015-10-20,Fulton,2,Southern Boone,1
2015-10-20,St. Pius X (Kansas City),2,Odessa,0
2015-10-20,Oak Grove,2,Excelsior Springs,0
2015-10-20,Pembroke Hill,2,Lincoln College Prep,0
2015-10-20,Center,2,Cristo Rey,0
2015-10-20,Sparta,2,Benton,0
2015-10-20,Savannah,2,Maryville,0
2015-10-20,Farmington,1,Hillsboro,2
2015-10-20,Poplar Bluff,0,Jackson,2
2015-10-20,Hillsboro,2,Sikeston,0
2015-10-20,Jackson,2,Central (Cape Girardeau),0
2015-10-20,Lafayette (Wildwood),2,Eureka,0
2015-10-20,Lafayette (Wildwood),2,Washington,0
2015-10-20,Eureka,2,Northwest (Cedar Hill),0
2015-10-20,Ursuline Academy,2,Webster Groves,0
2015-10-20,Kirkwood,0,Nerinx Hall,2
2015-10-20,Francis Howell North,2,Pattonville,1
2015-10-20,Ft. Zumwalt East,2,Ritenour,0
2015-10-20,Parkway Central,2,Westminster Christian Academy,0
2015-10-20,Parkway West,2,Visitation Academy,0
2015-10-20,Marquette,2,Ladue Horton Watkins,0
2015-10-20,Francis Howell,2,Francis Howell Central,0
2015-10-20,Ft. Zumwalt West,1,Timberland,2
2015-10-20,Savannah,2,Battle,1
2015-10-20,Savannah,2,Troy Buchanan,0
2015-10-20,Jefferson City,0,Battle,2
2015-10-20,Willard,2,Waynesville,0
2015-10-20,Willard,2,Camdenton,0
2015-10-20,Lebanon,1,Waynesville,2
2015-10-20,Carthage,0,Republic,2
2015-10-20,Carthage,2,McDonald County,0
2015-10-20,Carl Junction,0,Republic,2
2015-10-20,Notre Dame de Sion,2,Lee's Summit West,0
2015-10-20,Lee's Summit,1,Raymore-Peculiar,2
2015-10-20,Blue Springs South,2,St. Charles,0
2015-10-20,Blue Springs,2,Lee's Summit North,1
2015-10-20,Park Hill South,2,North Kansas City,0
2015-10-20,St. Teresa's Academy,2,Liberty,0
2015-10-21,Jasper,2,Liberal,0
2015-10-21,Jasper,2,Golden City,0
2015-10-21,Liberal,2,McAuley Catholic,0
2015-10-21,Midway,1,Drexel,2
2015-10-21,Midway,2,Archie,0
2015-10-21,Drexel,2,Lone Jack,0
2015-10-21,Santa Fe,2,Concordia,1
2015-10-21,Santa Fe,2,Wellington-Napoleon,0
2015-10-21,Concordia,2,Crest Ridge,0
2015-10-21,Lutheran (Kansas City),0,Northland Christian,2
2015-10-21,Nodaway-Holt,2,St. James,1
2015-10-21,Jefferson (Festus),0,Arcadia Valley,2
2015-10-21,Jefferson (Festus),2,Herculaneum,0
2015-10-21,Arcadia Valley,2,Valle Catholic,1
2015-10-21,Holden,1,Cole Camp,2
2015-10-21,Holden,2,Butler,0
2015-10-21,Adrian,1,Cole Camp,2
2015-10-21,St. Paul Lutheran (Concordia),2,Lafayette County,0
2015-10-21,St. Paul Lutheran (Concordia),2,Carrollton,0
2015-10-21,Lafayette County,2,Lexington,0
2015-10-21,Bishop LeBlond,2,East Buchanan,0
2015-10-21,Miller Career Academy,2,Normandy Collaborative,0
2015-10-21,Soldan International Studies,0,Waynesville,2
2015-10-21,Villa Duchesne,2,MICDS,0
2015-10-21,Villa Duchesne,2,John F. Kennedy,0
2015-10-21,MICDS,2,John Burroughs,0
2015-10-21,Duchesne,2,St. Charles,0
2015-10-21,Duchesne,2,North Technical,0
2015-10-21,St. Charles,2,Orchard Farm,1
2015-10-21,Warrenton,2,Liberty (Wentzville),1
2015-10-21,Veritas Christian Academy,2,St. Charles West,0
2015-10-21,St. Pius X (Kansas City),2,Oak Grove,0
2015-10-21,Pembroke Hill,2,Center,1
2015-10-21,Sparta,1,Savannah,2
2015-10-21,Cor Jesu Academy,2,Lindbergh,0
2015-10-21,Cor Jesu Academy,2,Fox,0
2015-10-21,Lindbergh,2,Mehlville,1
2015-10-21,Ursuline Academy,2,Nerinx Hall,1
2015-10-21,Hazelwood Central,2,McCluer North,0
2015-10-21,Hazelwood Central,2,McCluer,0
2015-10-21,Hazelwood West,1,McCluer North,2
2015-10-21,Incarnate Word Academy,1,Ft. Zumwalt East,2
2015-10-21,Incarnate Word Academy,2,Francis Howell North,1
2015-10-21,Parkway North,0,Ft. Zumwalt East,2
2015-10-21,St. Joseph's Academy,2,Parkway West,0
2015-10-21,St. Joseph's Academy,2,Parkway Central,0
2015-10-21,Parkway West,2,Marquette,1
2015-10-21,Francis Howell,2,Timberland,0
2015-10-21,Nixa,1,Ozark,2
2015-10-21,Nixa,2,Kickapoo,0
2015-10-21,Ozark,2,Glendale,0
2015-10-21,Notre Dame de Sion,1,Raymore-Peculiar,2
2015-10-21,Blue Springs South,0,Blue Springs,2
2015-10-21,Park Hill South,1,St. Teresa's Academy,2
2015-10-21,Staley,0,Oak Park,2
2015-10-21,Staley,2,Kearney,0
2015-10-21,Oak Park,2,Platte County,0
2015-10-22,Gideon,2,Clarkton,1
2015-10-22,Principia,2,Brentwood,0
2015-10-22,Lutheran South,2,Bishop DuBourg,1
2015-10-22,Lutheran South,2,Notre Dame (St. Louis),0
2015-10-22,Bishop DuBourg,2,Windsor (Imperial),0
2015-10-22,Miller Career Academy,2,Waynesville,0
2015-10-22,St. Dominic,1,Winfield,2
2015-10-22,St. Dominic,2,Warrenton,0
2015-10-22,Winfield,2,Veritas Christian Academy,0
2015-10-22,Pleasant Hill,2,Warrensburg,0
2015-10-22,Pleasant Hill,2,Harrisonville,0
2015-10-22,Nevada,1,Warrensburg,2
2015-10-22,Jackson,2,Hillsboro,1
2015-10-24,Bernie,2,Bismarck,1
2015-10-24,Winona,2,Miller,0
2015-10-24,New Haven,2,Osceola,0
2015-10-24,Santa Fe,2,Northland Christian,0
2015-10-24,Bismarck,2,St. Vincent,0
2015-10-24,Bernie,2,Gideon,0
2015-10-24,Miller,2,Purdy,1
2015-10-24,Winona,2,Eminence,1
2015-10-24,Osceola,2,Jasper,1
2015-10-24,Willard,0,New Haven,2
2015-10-24,Santa Fe,2,Drexel,0
2015-10-24,Bloomfield,0,Arcadia Valley,2
2015-10-24,Lutheran St. Charles,2,Fatima,0
2015-10-24,Winona,2,Crane,0
2015-10-24,Cole Camp,0,Bishop LeBlond,2
2015-10-24,Principia,1,Arcadia Valley,2
2015-10-24,Bloomfield,2,Central (New Madrid County),0
2015-10-24,Cuba,0,Fatima,2
2015-10-24,Lutheran St. Charles,2,Trinity Catholic,0
2015-10-24,El Dorado Springs,0,Crane,2
2015-10-24,Winona,2,Liberty (Mountain View),1
2015-10-24,Bishop LeBlond,2,Barstow,0
2015-10-24,St. Paul Lutheran (Concordia),1,Cole Camp,2
2015-10-24,St. Pius X (Festus),2,Lutheran South,0
2015-10-24,Villa Duchesne,2,St. Joseph's Academy,0
2015-10-24,Logan-Rogersville,0,Pleasant Hill,2
2015-10-24,St. Pius X (Kansas City),2,Savannah,1
2015-10-24,Miller Career Academy,0,Lutheran South,2
2015-10-24,St. Pius X (Festus),2,Notre Dame (Cape Girardeau),0
2015-10-24,St. Joseph's Academy,2,Winfield,0
2015-10-24,Duchesne,0,Villa Duchesne,2
2015-10-24,Helias Catholic,0,Pleasant Hill,2
2015-10-24,Aurora,0,Logan-Rogersville,2
2015-10-24,Savannah,2,Pembroke Hill,1
2015-10-24,St. Pius X (Kansas City),2,Boonville,0
2015-10-24,Cor Jesu Academy,0,Lafayette (Wildwood),2
2015-10-24,Ft. Zumwalt East,0,St. Joseph's Academy,2
2015-10-24,Willard,1,Ozark,2
2015-10-24,Raymore-Peculiar,0,St. Teresa's Academy,2
2015-10-24,Ursuline Academy,0,Lafayette (Wildwood),2
2015-10-24,Cor Jesu Academy,2,Jackson,0
2015-10-24,Francis Howell,1,St. Joseph's Academy,2
2015-10-24,Ft. Zumwalt East,2,Hazelwood Central,0
2015-10-24,Republic,0,Ozark,2
2015-10-24,Willard,2,Savannah,0
2015-10-24,Oak Park,0,St. Teresa's Academy,2
2015-10-24,Blue Springs,0,Raymore-Peculiar,2
2015-10-31,New Haven,0,Santa Fe,2
2015-10-31,Winona,0,Bernie,2
2015-10-31,Lutheran St. Charles,2,Winona,0
2015-10-31,Arcadia Valley,0,Bishop LeBlond,2
2015-10-31,Villa Duchesne,2,St. Pius X (Festus),0
2015-10-31,St. Pius X (Kansas City),0,Pleasant Hill,2
2015-10-31,St. Teresa's Academy,1,Lafayette (Wildwood),2
2015-10-31,St. Joseph's Academy,0,Ozark,2
